symbol,rebalance_date,weight
AAL,2003-06-30,0.02
AAP,2003-06-30,0.02
AAPL,2003-06-30,0.02
ABBV,2003-06-30,0.02
ABC,2003-06-30,0.02
ABT,2003-06-30,0.02
ADBE,2003-06-30,0.02
ADI,2003-06-30,0.02
ADM,2003-06-30,0.02
ADS,2003-06-30,0.02
ADSK,2003-06-30,0.02
AEE,2003-06-30,0.02
AEP,2003-06-30,0.02
AFL,2003-06-30,0.02
AIG,2003-06-30,0.02
AIV,2003-06-30,0.02
AIZ,2003-06-30,0.02
AJG,2003-06-30,0.02
AKAM,2003-06-30,0.02
ALB,2003-06-30,0.02
ALK,2003-06-30,0.02
ALL,2003-06-30,0.02
ALLE,2003-06-30,0.02
ALXN,2003-06-30,0.02
AMAT,2003-06-30,0.02
AME,2003-06-30,0.02
AMG,2003-06-30,0.02
AMGN,2003-06-30,0.02
AMP,2003-06-30,0.02
AMT,2003-06-30,0.02
AMZN,2003-06-30,0.02
AN,2003-06-30,0.02
ANTM,2003-06-30,0.02
AON,2003-06-30,0.02
APA,2003-06-30,0.02
APC,2003-06-30,0.02
APD,2003-06-30,0.02
APH,2003-06-30,0.02
ARNC,2003-06-30,0.02
ATVI,2003-06-30,0.02
AVB,2003-06-30,0.02
AVGO,2003-06-30,0.02
AVY,2003-06-30,0.02
AWK,2003-06-30,0.02
AXP,2003-06-30,0.02
AYI,2003-06-30,0.02
AZO,2003-06-30,0.02
BA,2003-06-30,0.02
BAC,2003-06-30,0.02
BAX,2003-06-30,0.02
AAL,2004-06-30,0.02
AAP,2004-06-30,0.02
AAPL,2004-06-30,0.02
ABBV,2004-06-30,0.02
ABC,2004-06-30,0.02
ABT,2004-06-30,0.02
ADBE,2004-06-30,0.02
ADI,2004-06-30,0.02
ADM,2004-06-30,0.02
ADS,2004-06-30,0.02
ADSK,2004-06-30,0.02
AEE,2004-06-30,0.02
AEP,2004-06-30,0.02
AFL,2004-06-30,0.02
AIG,2004-06-30,0.02
AIV,2004-06-30,0.02
AIZ,2004-06-30,0.02
AJG,2004-06-30,0.02
AKAM,2004-06-30,0.02
ALB,2004-06-30,0.02
ALK,2004-06-30,0.02
ALL,2004-06-30,0.02
ALLE,2004-06-30,0.02
ALXN,2004-06-30,0.02
AMAT,2004-06-30,0.02
AME,2004-06-30,0.02
AMG,2004-06-30,0.02
AMGN,2004-06-30,0.02
AMP,2004-06-30,0.02
AMT,2004-06-30,0.02
AMZN,2004-06-30,0.02
AN,2004-06-30,0.02
ANTM,2004-06-30,0.02
AON,2004-06-30,0.02
APA,2004-06-30,0.02
APC,2004-06-30,0.02
APD,2004-06-30,0.02
APH,2004-06-30,0.02
ARNC,2004-06-30,0.02
ATVI,2004-06-30,0.02
AVB,2004-06-30,0.02
AVGO,2004-06-30,0.02
AVY,2004-06-30,0.02
AWK,2004-06-30,0.02
AXP,2004-06-30,0.02
AYI,2004-06-30,0.02
AZO,2004-06-30,0.02
BA,2004-06-30,0.02
BAC,2004-06-30,0.02
BAX,2004-06-30,0.02
AAL,2006-02-28,0.02
AAP,2006-02-28,0.02
AAPL,2006-02-28,0.02
ABBV,2006-02-28,0.02
ABC,2006-02-28,0.02
ABT,2006-02-28,0.02
ADBE,2006-02-28,0.02
ADI,2006-02-28,0.02
ADM,2006-02-28,0.02
ADS,2006-02-28,0.02
ADSK,2006-02-28,0.02
AEE,2006-02-28,0.02
AEP,2006-02-28,0.02
AFL,2006-02-28,0.02
AIG,2006-02-28,0.02
AIV,2006-02-28,0.02
AIZ,2006-02-28,0.02
AJG,2006-02-28,0.02
AKAM,2006-02-28,0.02
ALB,2006-02-28,0.02
ALK,2006-02-28,0.02
ALL,2006-02-28,0.02
ALLE,2006-02-28,0.02
ALXN,2006-02-28,0.02
AMAT,2006-02-28,0.02
AME,2006-02-28,0.02
AMG,2006-02-28,0.02
AMGN,2006-02-28,0.02
AMP,2006-02-28,0.02
AMT,2006-02-28,0.02
AMZN,2006-02-28,0.02
AN,2006-02-28,0.02
ANTM,2006-02-28,0.02
AON,2006-02-28,0.02
APA,2006-02-28,0.02
APC,2006-02-28,0.02
APD,2006-02-28,0.02
APH,2006-02-28,0.02
ARNC,2006-02-28,0.02
ATVI,2006-02-28,0.02
AVB,2006-02-28,0.02
AVGO,2006-02-28,0.02
AVY,2006-02-28,0.02
AWK,2006-02-28,0.02
AXP,2006-02-28,0.02
AYI,2006-02-28,0.02
AZO,2006-02-28,0.02
BA,2006-02-28,0.02
BAC,2006-02-28,0.02
BAX,2006-02-28,0.02
AAL,2007-02-28,0.02
AAP,2007-02-28,0.02
AAPL,2007-02-28,0.02
ABBV,2007-02-28,0.02
ABC,2007-02-28,0.02
ABT,2007-02-28,0.02
ADBE,2007-02-28,0.02
ADI,2007-02-28,0.02
ADM,2007-02-28,0.02
ADS,2007-02-28,0.02
ADSK,2007-02-28,0.02
AEE,2007-02-28,0.02
AEP,2007-02-28,0.02
AFL,2007-02-28,0.02
AIG,2007-02-28,0.02
AIV,2007-02-28,0.02
AIZ,2007-02-28,0.02
AJG,2007-02-28,0.02
AKAM,2007-02-28,0.02
ALB,2007-02-28,0.02
ALK,2007-02-28,0.02
ALL,2007-02-28,0.02
ALLE,2007-02-28,0.02
ALXN,2007-02-28,0.02
AMAT,2007-02-28,0.02
AME,2007-02-28,0.02
AMG,2007-02-28,0.02
AMGN,2007-02-28,0.02
AMP,2007-02-28,0.02
AMT,2007-02-28,0.02
AMZN,2007-02-28,0.02
AN,2007-02-28,0.02
ANTM,2007-02-28,0.02
AON,2007-02-28,0.02
APA,2007-02-28,0.02
APC,2007-02-28,0.02
APD,2007-02-28,0.02
APH,2007-02-28,0.02
ARNC,2007-02-28,0.02
ATVI,2007-02-28,0.02
AVB,2007-02-28,0.02
AVGO,2007-02-28,0.02
AVY,2007-02-28,0.02
AWK,2007-02-28,0.02
AXP,2007-02-28,0.02
AYI,2007-02-28,0.02
AZO,2007-02-28,0.02
BA,2007-02-28,0.02
BAC,2007-02-28,0.02
BAX,2007-02-28,0.02
BAC,2010-01-31,0.02
BAC,2010-01-31,0.02
BAC,2010-01-31,0.02
BAC,2010-01-31,0.02
BAC,2010-01-31,0.02
BAC,2010-01-31,0.02
BAC,2010-01-31,0.02
BAC,2010-01-31,0.02
F,2010-01-31,0.02
F,2010-01-31,0.02
F,2010-01-31,0.02
F,2010-01-31,0.02
F,2010-01-31,0.02
F,2010-01-31,0.02
F,2010-01-31,0.02
F,2010-01-31,0.02
F,2010-01-31,0.02
F,2010-01-31,0.02
F,2010-01-31,0.02
F,2010-01-31,0.02
BAC,2010-01-31,0.02
BAC,2010-01-31,0.02
BAC,2010-01-31,0.02
BAC,2010-01-31,0.02
BAC,2010-01-31,0.02
BAC,2010-01-31,0.02
BAC,2010-01-31,0.02
BAC,2010-01-31,0.02
KEY,2010-01-31,0.02
KEY,2010-01-31,0.02
KEY,2010-01-31,0.02
KEY,2010-01-31,0.02
BAC,2010-01-31,0.02
BAC,2010-01-31,0.02
BAC,2010-01-31,0.02
BAC,2010-01-31,0.02
AAPL,2010-01-31,0.02
AAPL,2010-01-31,0.02
AAPL,2010-01-31,0.02
AAPL,2010-01-31,0.02
K,2010-01-31,0.02
K,2010-01-31,0.02
K,2010-01-31,0.02
K,2010-01-31,0.02
KIM,2010-01-31,0.02
KIM,2010-01-31,0.02
KIM,2010-01-31,0.02
KIM,2010-01-31,0.02
JEC,2010-01-31,0.02
JEC,2010-01-31,0.02
AAPL,2010-02-28,0.02
AAPL,2010-02-28,0.02
AAPL,2010-02-28,0.02
AAPL,2010-02-28,0.02
BAC,2010-02-28,0.02
BAC,2010-02-28,0.02
BAC,2010-02-28,0.02
BAC,2010-02-28,0.02
HRL,2010-02-28,0.02
HRL,2010-02-28,0.02
HRL,2010-02-28,0.02
HRL,2010-02-28,0.02
AAPL,2010-02-28,0.02
AAPL,2010-02-28,0.02
AAPL,2010-02-28,0.02
AAPL,2010-02-28,0.02
CLX,2010-02-28,0.02
CLX,2010-02-28,0.02
CLX,2010-02-28,0.02
CLX,2010-02-28,0.02
BAC,2010-02-28,0.02
BAC,2010-02-28,0.02
BAC,2010-02-28,0.02
BAC,2010-02-28,0.02
CSCO,2010-02-28,0.02
CSCO,2010-02-28,0.02
CSCO,2010-02-28,0.02
CSCO,2010-02-28,0.02
CB,2010-02-28,0.02
CB,2010-02-28,0.02
CB,2010-02-28,0.02
CB,2010-02-28,0.02
CAG,2010-02-28,0.02
CAG,2010-02-28,0.02
CAG,2010-02-28,0.02
CAG,2010-02-28,0.02
MO,2010-02-28,0.02
MO,2010-02-28,0.02
MO,2010-02-28,0.02
MO,2010-02-28,0.02
MO,2010-02-28,0.02
MO,2010-02-28,0.02
MO,2010-02-28,0.02
MO,2010-02-28,0.02
K,2010-02-28,0.02
K,2010-02-28,0.02
K,2010-02-28,0.02
K,2010-02-28,0.02
MO,2010-02-28,0.02
MO,2010-02-28,0.02
BAC,2010-03-31,0.02
BAC,2010-03-31,0.02
BAC,2010-03-31,0.02
BAC,2010-03-31,0.02
AAPL,2010-03-31,0.02
AAPL,2010-03-31,0.02
AAPL,2010-03-31,0.02
AAPL,2010-03-31,0.02
BAC,2010-03-31,0.02
BAC,2010-03-31,0.02
BAC,2010-03-31,0.02
BAC,2010-03-31,0.02
BAC,2010-03-31,0.02
BAC,2010-03-31,0.02
BAC,2010-03-31,0.02
BAC,2010-03-31,0.02
AAPL,2010-03-31,0.02
AAPL,2010-03-31,0.02
AAPL,2010-03-31,0.02
AAPL,2010-03-31,0.02
BAC,2010-03-31,0.02
BAC,2010-03-31,0.02
BAC,2010-03-31,0.02
BAC,2010-03-31,0.02
BAC,2010-03-31,0.02
BAC,2010-03-31,0.02
BAC,2010-03-31,0.02
BAC,2010-03-31,0.02
BAC,2010-03-31,0.02
BAC,2010-03-31,0.02
BAC,2010-03-31,0.02
BAC,2010-03-31,0.02
AAPL,2010-03-31,0.02
AAPL,2010-03-31,0.02
AAPL,2010-03-31,0.02
AAPL,2010-03-31,0.02
BAC,2010-03-31,0.02
BAC,2010-03-31,0.02
BAC,2010-03-31,0.02
BAC,2010-03-31,0.02
BAC,2010-03-31,0.02
BAC,2010-03-31,0.02
BAC,2010-03-31,0.02
BAC,2010-03-31,0.02
BAC,2010-03-31,0.02
BAC,2010-03-31,0.02
BAC,2010-03-31,0.02
BAC,2010-03-31,0.02
AAPL,2010-03-31,0.02
AAPL,2010-03-31,0.02
BAC,2010-04-30,0.02
BAC,2010-04-30,0.02
BAC,2010-04-30,0.02
BAC,2010-04-30,0.02
BAC,2010-04-30,0.02
BAC,2010-04-30,0.02
BAC,2010-04-30,0.02
BAC,2010-04-30,0.02
BAC,2010-04-30,0.02
BAC,2010-04-30,0.02
BAC,2010-04-30,0.02
BAC,2010-04-30,0.02
AAPL,2010-04-30,0.02
AAPL,2010-04-30,0.02
AAPL,2010-04-30,0.02
AAPL,2010-04-30,0.02
BAC,2010-04-30,0.02
BAC,2010-04-30,0.02
BAC,2010-04-30,0.02
BAC,2010-04-30,0.02
AAPL,2010-04-30,0.02
AAPL,2010-04-30,0.02
AAPL,2010-04-30,0.02
AAPL,2010-04-30,0.02
AAPL,2010-04-30,0.02
AAPL,2010-04-30,0.02
AAPL,2010-04-30,0.02
AAPL,2010-04-30,0.02
BAC,2010-04-30,0.02
BAC,2010-04-30,0.02
BAC,2010-04-30,0.02
BAC,2010-04-30,0.02
BAC,2010-04-30,0.02
BAC,2010-04-30,0.02
BAC,2010-04-30,0.02
BAC,2010-04-30,0.02
BAC,2010-04-30,0.02
BAC,2010-04-30,0.02
BAC,2010-04-30,0.02
BAC,2010-04-30,0.02
AAPL,2010-04-30,0.02
AAPL,2010-04-30,0.02
AAPL,2010-04-30,0.02
AAPL,2010-04-30,0.02
AAPL,2010-04-30,0.02
AAPL,2010-04-30,0.02
AAPL,2010-04-30,0.02
AAPL,2010-04-30,0.02
AAPL,2010-04-30,0.02
AAPL,2010-04-30,0.02
AAPL,2010-05-31,0.02
AAPL,2010-05-31,0.02
AAPL,2010-05-31,0.02
AAPL,2010-05-31,0.02
AAPL,2010-05-31,0.02
AAPL,2010-05-31,0.02
AAPL,2010-05-31,0.02
AAPL,2010-05-31,0.02
AAPL,2010-05-31,0.02
AAPL,2010-05-31,0.02
AAPL,2010-05-31,0.02
AAPL,2010-05-31,0.02
AAPL,2010-05-31,0.02
AAPL,2010-05-31,0.02
AAPL,2010-05-31,0.02
AAPL,2010-05-31,0.02
AAPL,2010-05-31,0.02
AAPL,2010-05-31,0.02
AAPL,2010-05-31,0.02
AAPL,2010-05-31,0.02
AAP,2010-05-31,0.02
AAP,2010-05-31,0.02
AAP,2010-05-31,0.02
AAP,2010-05-31,0.02
BAC,2010-05-31,0.02
BAC,2010-05-31,0.02
BAC,2010-05-31,0.02
BAC,2010-05-31,0.02
BAC,2010-05-31,0.02
BAC,2010-05-31,0.02
BAC,2010-05-31,0.02
BAC,2010-05-31,0.02
ABC,2010-05-31,0.02
ABC,2010-05-31,0.02
ABC,2010-05-31,0.02
ABC,2010-05-31,0.02
BAC,2010-05-31,0.02
BAC,2010-05-31,0.02
BAC,2010-05-31,0.02
BAC,2010-05-31,0.02
BAC,2010-05-31,0.02
BAC,2010-05-31,0.02
BAC,2010-05-31,0.02
BAC,2010-05-31,0.02
AZO,2010-05-31,0.02
AZO,2010-05-31,0.02
AZO,2010-05-31,0.02
AZO,2010-05-31,0.02
ABC,2010-05-31,0.02
ABC,2010-05-31,0.02
AAPL,2010-06-30,0.02
AAPL,2010-06-30,0.02
AAPL,2010-06-30,0.02
AAPL,2010-06-30,0.02
AAPL,2010-06-30,0.02
AAPL,2010-06-30,0.02
AAPL,2010-06-30,0.02
AAPL,2010-06-30,0.02
AAPL,2010-06-30,0.02
AAPL,2010-06-30,0.02
AAPL,2010-06-30,0.02
AAPL,2010-06-30,0.02
AAPL,2010-06-30,0.02
AAPL,2010-06-30,0.02
AAPL,2010-06-30,0.02
AAPL,2010-06-30,0.02
AAPL,2010-06-30,0.02
AAPL,2010-06-30,0.02
AAPL,2010-06-30,0.02
AAPL,2010-06-30,0.02
BAC,2010-06-30,0.02
BAC,2010-06-30,0.02
BAC,2010-06-30,0.02
BAC,2010-06-30,0.02
AAPL,2010-06-30,0.02
AAPL,2010-06-30,0.02
AAPL,2010-06-30,0.02
AAPL,2010-06-30,0.02
BAC,2010-06-30,0.02
BAC,2010-06-30,0.02
BAC,2010-06-30,0.02
BAC,2010-06-30,0.02
AAL,2010-06-30,0.02
AAL,2010-06-30,0.02
AAL,2010-06-30,0.02
AAL,2010-06-30,0.02
BAC,2010-06-30,0.02
BAC,2010-06-30,0.02
BAC,2010-06-30,0.02
BAC,2010-06-30,0.02
AAPL,2010-06-30,0.02
AAPL,2010-06-30,0.02
AAPL,2010-06-30,0.02
AAPL,2010-06-30,0.02
BAC,2010-06-30,0.02
BAC,2010-06-30,0.02
BAC,2010-06-30,0.02
BAC,2010-06-30,0.02
BAC,2010-06-30,0.02
BAC,2010-06-30,0.02
LYB,2010-07-31,0.02
LYB,2010-07-31,0.02
LYB,2010-07-31,0.02
LYB,2010-07-31,0.02
C,2010-07-31,0.02
C,2010-07-31,0.02
C,2010-07-31,0.02
C,2010-07-31,0.02
LYB,2010-07-31,0.02
LYB,2010-07-31,0.02
LYB,2010-07-31,0.02
LYB,2010-07-31,0.02
BLL,2010-07-31,0.02
BLL,2010-07-31,0.02
BLL,2010-07-31,0.02
BLL,2010-07-31,0.02
BMY,2010-07-31,0.02
BMY,2010-07-31,0.02
BMY,2010-07-31,0.02
BMY,2010-07-31,0.02
BWA,2010-07-31,0.02
BWA,2010-07-31,0.02
BWA,2010-07-31,0.02
BWA,2010-07-31,0.02
LYB,2010-07-31,0.02
LYB,2010-07-31,0.02
LYB,2010-07-31,0.02
LYB,2010-07-31,0.02
ETFC,2010-07-31,0.02
ETFC,2010-07-31,0.02
ETFC,2010-07-31,0.02
ETFC,2010-07-31,0.02
CHD,2010-07-31,0.02
CHD,2010-07-31,0.02
CHD,2010-07-31,0.02
CHD,2010-07-31,0.02
BIIB,2010-07-31,0.02
BIIB,2010-07-31,0.02
BIIB,2010-07-31,0.02
BIIB,2010-07-31,0.02
CAT,2010-07-31,0.02
CAT,2010-07-31,0.02
CAT,2010-07-31,0.02
CAT,2010-07-31,0.02
LYB,2010-07-31,0.02
LYB,2010-07-31,0.02
LYB,2010-07-31,0.02
LYB,2010-07-31,0.02
CAH,2010-07-31,0.02
CAH,2010-07-31,0.02
ETFC,2010-08-31,0.02
ETFC,2010-08-31,0.02
ETFC,2010-08-31,0.02
ETFC,2010-08-31,0.02
ETFC,2010-08-31,0.02
ETFC,2010-08-31,0.02
ETFC,2010-08-31,0.02
ETFC,2010-08-31,0.02
ETFC,2010-08-31,0.02
ETFC,2010-08-31,0.02
ETFC,2010-08-31,0.02
ETFC,2010-08-31,0.02
ETFC,2010-08-31,0.02
ETFC,2010-08-31,0.02
ETFC,2010-08-31,0.02
ETFC,2010-08-31,0.02
ETFC,2010-08-31,0.02
ETFC,2010-08-31,0.02
ETFC,2010-08-31,0.02
ETFC,2010-08-31,0.02
ETFC,2010-08-31,0.02
ETFC,2010-08-31,0.02
ETFC,2010-08-31,0.02
ETFC,2010-08-31,0.02
ETFC,2010-08-31,0.02
ETFC,2010-08-31,0.02
ETFC,2010-08-31,0.02
ETFC,2010-08-31,0.02
AAPL,2010-08-31,0.02
AAPL,2010-08-31,0.02
AAPL,2010-08-31,0.02
AAPL,2010-08-31,0.02
ETFC,2010-08-31,0.02
ETFC,2010-08-31,0.02
ETFC,2010-08-31,0.02
ETFC,2010-08-31,0.02
AAPL,2010-08-31,0.02
AAPL,2010-08-31,0.02
AAPL,2010-08-31,0.02
AAPL,2010-08-31,0.02
ETFC,2010-08-31,0.02
ETFC,2010-08-31,0.02
ETFC,2010-08-31,0.02
ETFC,2010-08-31,0.02
AAPL,2010-08-31,0.02
AAPL,2010-08-31,0.02
AAPL,2010-08-31,0.02
AAPL,2010-08-31,0.02
ETFC,2010-08-31,0.02
ETFC,2010-08-31,0.02
AAPL,2010-09-30,0.02
AAPL,2010-09-30,0.02
AAPL,2010-09-30,0.02
AAPL,2010-09-30,0.02
AAPL,2010-09-30,0.02
AAPL,2010-09-30,0.02
AAPL,2010-09-30,0.02
AAPL,2010-09-30,0.02
AAPL,2010-09-30,0.02
AAPL,2010-09-30,0.02
AAPL,2010-09-30,0.02
AAPL,2010-09-30,0.02
AAPL,2010-09-30,0.02
AAPL,2010-09-30,0.02
AAPL,2010-09-30,0.02
AAPL,2010-09-30,0.02
AAPL,2010-09-30,0.02
AAPL,2010-09-30,0.02
AAPL,2010-09-30,0.02
AAPL,2010-09-30,0.02
AAPL,2010-09-30,0.02
AAPL,2010-09-30,0.02
AAPL,2010-09-30,0.02
AAPL,2010-09-30,0.02
AAPL,2010-09-30,0.02
AAPL,2010-09-30,0.02
AAPL,2010-09-30,0.02
AAPL,2010-09-30,0.02
AAPL,2010-09-30,0.02
AAPL,2010-09-30,0.02
AAPL,2010-09-30,0.02
AAPL,2010-09-30,0.02
AAPL,2010-09-30,0.02
AAPL,2010-09-30,0.02
AAPL,2010-09-30,0.02
AAPL,2010-09-30,0.02
AAPL,2010-09-30,0.02
AAPL,2010-09-30,0.02
AAPL,2010-09-30,0.02
AAPL,2010-09-30,0.02
MO,2010-09-30,0.02
MO,2010-09-30,0.02
MO,2010-09-30,0.02
MO,2010-09-30,0.02
AAPL,2010-09-30,0.02
AAPL,2010-09-30,0.02
AAPL,2010-09-30,0.02
AAPL,2010-09-30,0.02
AAP,2010-09-30,0.02
AAP,2010-09-30,0.02
AAPL,2010-10-31,0.02
AAPL,2010-10-31,0.02
AAPL,2010-10-31,0.02
AAPL,2010-10-31,0.02
AAPL,2010-10-31,0.02
AAPL,2010-10-31,0.02
AAPL,2010-10-31,0.02
AAPL,2010-10-31,0.02
AAPL,2010-10-31,0.02
AAPL,2010-10-31,0.02
AAPL,2010-10-31,0.02
AAPL,2010-10-31,0.02
AAPL,2010-10-31,0.02
AAPL,2010-10-31,0.02
AAPL,2010-10-31,0.02
AAPL,2010-10-31,0.02
AAPL,2010-10-31,0.02
AAPL,2010-10-31,0.02
AAPL,2010-10-31,0.02
AAPL,2010-10-31,0.02
AAPL,2010-10-31,0.02
AAPL,2010-10-31,0.02
AAPL,2010-10-31,0.02
AAPL,2010-10-31,0.02
AAPL,2010-10-31,0.02
AAPL,2010-10-31,0.02
AAPL,2010-10-31,0.02
AAPL,2010-10-31,0.02
AAPL,2010-10-31,0.02
AAPL,2010-10-31,0.02
AAPL,2010-10-31,0.02
AAPL,2010-10-31,0.02
AAPL,2010-10-31,0.02
AAPL,2010-10-31,0.02
AAPL,2010-10-31,0.02
AAPL,2010-10-31,0.02
AAPL,2010-10-31,0.02
AAPL,2010-10-31,0.02
AAPL,2010-10-31,0.02
AAPL,2010-10-31,0.02
AAPL,2010-10-31,0.02
AAPL,2010-10-31,0.02
AAPL,2010-10-31,0.02
AAPL,2010-10-31,0.02
AAPL,2010-10-31,0.02
AAPL,2010-10-31,0.02
AAPL,2010-10-31,0.02
AAPL,2010-10-31,0.02
LYB,2010-10-31,0.02
LYB,2010-10-31,0.02
AAPL,2010-11-30,0.02
AAPL,2010-11-30,0.02
AAPL,2010-11-30,0.02
AAPL,2010-11-30,0.02
AAPL,2010-11-30,0.02
AAPL,2010-11-30,0.02
AAPL,2010-11-30,0.02
AAPL,2010-11-30,0.02
AAPL,2010-11-30,0.02
AAPL,2010-11-30,0.02
AAPL,2010-11-30,0.02
AAPL,2010-11-30,0.02
AAPL,2010-11-30,0.02
AAPL,2010-11-30,0.02
AAPL,2010-11-30,0.02
AAPL,2010-11-30,0.02
AAPL,2010-11-30,0.02
AAPL,2010-11-30,0.02
AAPL,2010-11-30,0.02
AAPL,2010-11-30,0.02
AAPL,2010-11-30,0.02
AAPL,2010-11-30,0.02
AAPL,2010-11-30,0.02
AAPL,2010-11-30,0.02
AAPL,2010-11-30,0.02
AAPL,2010-11-30,0.02
AAPL,2010-11-30,0.02
AAPL,2010-11-30,0.02
AAPL,2010-11-30,0.02
AAPL,2010-11-30,0.02
AAPL,2010-11-30,0.02
AAPL,2010-11-30,0.02
AAPL,2010-11-30,0.02
AAPL,2010-11-30,0.02
AAPL,2010-11-30,0.02
AAPL,2010-11-30,0.02
AAPL,2010-11-30,0.02
AAPL,2010-11-30,0.02
AAPL,2010-11-30,0.02
AAPL,2010-11-30,0.02
AAPL,2010-11-30,0.02
AAPL,2010-11-30,0.02
AAPL,2010-11-30,0.02
AAPL,2010-11-30,0.02
AAPL,2010-11-30,0.02
AAPL,2010-11-30,0.02
AAPL,2010-11-30,0.02
AAPL,2010-11-30,0.02
AAPL,2010-11-30,0.02
AAPL,2010-11-30,0.02
AAPL,2010-12-31,0.02
AAPL,2010-12-31,0.02
AAPL,2010-12-31,0.02
AAPL,2010-12-31,0.02
AAPL,2010-12-31,0.02
AAPL,2010-12-31,0.02
AAPL,2010-12-31,0.02
AAPL,2010-12-31,0.02
AAPL,2010-12-31,0.02
AAPL,2010-12-31,0.02
AAPL,2010-12-31,0.02
AAPL,2010-12-31,0.02
AAPL,2010-12-31,0.02
AAPL,2010-12-31,0.02
AAPL,2010-12-31,0.02
AAPL,2010-12-31,0.02
AAPL,2010-12-31,0.02
AAPL,2010-12-31,0.02
AAPL,2010-12-31,0.02
AAPL,2010-12-31,0.02
AAPL,2010-12-31,0.02
AAPL,2010-12-31,0.02
AAPL,2010-12-31,0.02
AAPL,2010-12-31,0.02
AAPL,2010-12-31,0.02
AAPL,2010-12-31,0.02
AAPL,2010-12-31,0.02
AAPL,2010-12-31,0.02
AAPL,2010-12-31,0.02
AAPL,2010-12-31,0.02
AAPL,2010-12-31,0.02
AAPL,2010-12-31,0.02
AAPL,2010-12-31,0.02
AAPL,2010-12-31,0.02
AAPL,2010-12-31,0.02
AAPL,2010-12-31,0.02
AAPL,2010-12-31,0.02
AAPL,2010-12-31,0.02
AAPL,2010-12-31,0.02
AAPL,2010-12-31,0.02
AAPL,2010-12-31,0.02
AAPL,2010-12-31,0.02
AAPL,2010-12-31,0.02
AAPL,2010-12-31,0.02
AAPL,2010-12-31,0.02
AAPL,2010-12-31,0.02
AAPL,2010-12-31,0.02
AAPL,2010-12-31,0.02
AAPL,2010-12-31,0.02
AAPL,2010-12-31,0.02
AAPL,2011-01-31,0.02
AAPL,2011-01-31,0.02
AAPL,2011-01-31,0.02
AAPL,2011-01-31,0.02
AAPL,2011-01-31,0.02
AAPL,2011-01-31,0.02
AAPL,2011-01-31,0.02
AAPL,2011-01-31,0.02
AAPL,2011-01-31,0.02
AAPL,2011-01-31,0.02
AAPL,2011-01-31,0.02
AAPL,2011-01-31,0.02
AAPL,2011-01-31,0.02
AAPL,2011-01-31,0.02
AAPL,2011-01-31,0.02
AAPL,2011-01-31,0.02
AAPL,2011-01-31,0.02
AAPL,2011-01-31,0.02
AAPL,2011-01-31,0.02
AAPL,2011-01-31,0.02
AAPL,2011-01-31,0.02
AAPL,2011-01-31,0.02
AAPL,2011-01-31,0.02
AAPL,2011-01-31,0.02
AAPL,2011-01-31,0.02
AAPL,2011-01-31,0.02
AAPL,2011-01-31,0.02
AAPL,2011-01-31,0.02
GM,2011-01-31,0.02
GM,2011-01-31,0.02
GM,2011-01-31,0.02
GM,2011-01-31,0.02
GM,2011-01-31,0.02
GM,2011-01-31,0.02
GM,2011-01-31,0.02
GM,2011-01-31,0.02
AAPL,2011-01-31,0.02
AAPL,2011-01-31,0.02
AAPL,2011-01-31,0.02
AAPL,2011-01-31,0.02
AAPL,2011-01-31,0.02
AAPL,2011-01-31,0.02
AAPL,2011-01-31,0.02
AAPL,2011-01-31,0.02
GM,2011-01-31,0.02
GM,2011-01-31,0.02
GM,2011-01-31,0.02
GM,2011-01-31,0.02
GM,2011-01-31,0.02
GM,2011-01-31,0.02
AAPL,2011-02-28,0.02
AAPL,2011-02-28,0.02
AAPL,2011-02-28,0.02
AAPL,2011-02-28,0.02
AAPL,2011-02-28,0.02
AAPL,2011-02-28,0.02
AAPL,2011-02-28,0.02
AAPL,2011-02-28,0.02
AAPL,2011-02-28,0.02
AAPL,2011-02-28,0.02
AAPL,2011-02-28,0.02
AAPL,2011-02-28,0.02
AAPL,2011-02-28,0.02
AAPL,2011-02-28,0.02
AAPL,2011-02-28,0.02
AAPL,2011-02-28,0.02
AAPL,2011-02-28,0.02
AAPL,2011-02-28,0.02
AAPL,2011-02-28,0.02
AAPL,2011-02-28,0.02
AAPL,2011-02-28,0.02
AAPL,2011-02-28,0.02
AAPL,2011-02-28,0.02
AAPL,2011-02-28,0.02
AAPL,2011-02-28,0.02
AAPL,2011-02-28,0.02
AAPL,2011-02-28,0.02
AAPL,2011-02-28,0.02
AAPL,2011-02-28,0.02
AAPL,2011-02-28,0.02
AAPL,2011-02-28,0.02
AAPL,2011-02-28,0.02
AAPL,2011-02-28,0.02
AAPL,2011-02-28,0.02
AAPL,2011-02-28,0.02
AAPL,2011-02-28,0.02
AAPL,2011-02-28,0.02
AAPL,2011-02-28,0.02
AAPL,2011-02-28,0.02
AAPL,2011-02-28,0.02
GM,2011-02-28,0.02
GM,2011-02-28,0.02
GM,2011-02-28,0.02
GM,2011-02-28,0.02
AAPL,2011-02-28,0.02
AAPL,2011-02-28,0.02
AAPL,2011-02-28,0.02
AAPL,2011-02-28,0.02
GM,2011-02-28,0.02
GM,2011-02-28,0.02
AAPL,2011-03-31,0.02
AAPL,2011-03-31,0.02
AAPL,2011-03-31,0.02
AAPL,2011-03-31,0.02
AAPL,2011-03-31,0.02
AAPL,2011-03-31,0.02
AAPL,2011-03-31,0.02
AAPL,2011-03-31,0.02
AAPL,2011-03-31,0.02
AAPL,2011-03-31,0.02
AAPL,2011-03-31,0.02
AAPL,2011-03-31,0.02
AAPL,2011-03-31,0.02
AAPL,2011-03-31,0.02
AAPL,2011-03-31,0.02
AAPL,2011-03-31,0.02
AAPL,2011-03-31,0.02
AAPL,2011-03-31,0.02
AAPL,2011-03-31,0.02
AAPL,2011-03-31,0.02
AAPL,2011-03-31,0.02
AAPL,2011-03-31,0.02
AAPL,2011-03-31,0.02
AAPL,2011-03-31,0.02
AAPL,2011-03-31,0.02
AAPL,2011-03-31,0.02
AAPL,2011-03-31,0.02
AAPL,2011-03-31,0.02
AAPL,2011-03-31,0.02
AAPL,2011-03-31,0.02
AAPL,2011-03-31,0.02
AAPL,2011-03-31,0.02
AAPL,2011-03-31,0.02
AAPL,2011-03-31,0.02
AAPL,2011-03-31,0.02
AAPL,2011-03-31,0.02
AAPL,2011-03-31,0.02
AAPL,2011-03-31,0.02
AAPL,2011-03-31,0.02
AAPL,2011-03-31,0.02
AAPL,2011-03-31,0.02
AAPL,2011-03-31,0.02
AAPL,2011-03-31,0.02
AAPL,2011-03-31,0.02
AAPL,2011-03-31,0.02
AAPL,2011-03-31,0.02
AAPL,2011-03-31,0.02
AAPL,2011-03-31,0.02
AAPL,2011-03-31,0.02
AAPL,2011-03-31,0.02
AAPL,2011-04-30,0.02
AAPL,2011-04-30,0.02
AAPL,2011-04-30,0.02
AAPL,2011-04-30,0.02
AAPL,2011-04-30,0.02
AAPL,2011-04-30,0.02
AAPL,2011-04-30,0.02
AAPL,2011-04-30,0.02
AAPL,2011-04-30,0.02
AAPL,2011-04-30,0.02
AAPL,2011-04-30,0.02
AAPL,2011-04-30,0.02
AAPL,2011-04-30,0.02
AAPL,2011-04-30,0.02
AAPL,2011-04-30,0.02
AAPL,2011-04-30,0.02
AAPL,2011-04-30,0.02
AAPL,2011-04-30,0.02
AAPL,2011-04-30,0.02
AAPL,2011-04-30,0.02
AAPL,2011-04-30,0.02
AAPL,2011-04-30,0.02
AAPL,2011-04-30,0.02
AAPL,2011-04-30,0.02
AAPL,2011-04-30,0.02
AAPL,2011-04-30,0.02
AAPL,2011-04-30,0.02
AAPL,2011-04-30,0.02
ABC,2011-04-30,0.02
ABC,2011-04-30,0.02
ABC,2011-04-30,0.02
ABC,2011-04-30,0.02
AAPL,2011-04-30,0.02
AAPL,2011-04-30,0.02
AAPL,2011-04-30,0.02
AAPL,2011-04-30,0.02
AAPL,2011-04-30,0.02
AAPL,2011-04-30,0.02
AAPL,2011-04-30,0.02
AAPL,2011-04-30,0.02
AAPL,2011-04-30,0.02
AAPL,2011-04-30,0.02
AAPL,2011-04-30,0.02
AAPL,2011-04-30,0.02
AAP,2011-04-30,0.02
AAP,2011-04-30,0.02
AAP,2011-04-30,0.02
AAP,2011-04-30,0.02
TSCO,2011-04-30,0.02
TSCO,2011-04-30,0.02
AAPL,2011-05-31,0.02
AAPL,2011-05-31,0.02
AAPL,2011-05-31,0.02
AAPL,2011-05-31,0.02
AAPL,2011-05-31,0.02
AAPL,2011-05-31,0.02
AAPL,2011-05-31,0.02
AAPL,2011-05-31,0.02
AAPL,2011-05-31,0.02
AAPL,2011-05-31,0.02
AAPL,2011-05-31,0.02
AAPL,2011-05-31,0.02
AAPL,2011-05-31,0.02
AAPL,2011-05-31,0.02
AAPL,2011-05-31,0.02
AAPL,2011-05-31,0.02
AAPL,2011-05-31,0.02
AAPL,2011-05-31,0.02
AAPL,2011-05-31,0.02
AAPL,2011-05-31,0.02
PCLN,2011-05-31,0.02
PCLN,2011-05-31,0.02
PCLN,2011-05-31,0.02
PCLN,2011-05-31,0.02
AAPL,2011-05-31,0.02
AAPL,2011-05-31,0.02
AAPL,2011-05-31,0.02
AAPL,2011-05-31,0.02
AAPL,2011-05-31,0.02
AAPL,2011-05-31,0.02
AAPL,2011-05-31,0.02
AAPL,2011-05-31,0.02
AAPL,2011-05-31,0.02
AAPL,2011-05-31,0.02
AAPL,2011-05-31,0.02
AAPL,2011-05-31,0.02
AAPL,2011-05-31,0.02
AAPL,2011-05-31,0.02
AAPL,2011-05-31,0.02
AAPL,2011-05-31,0.02
DVA,2011-05-31,0.02
DVA,2011-05-31,0.02
DVA,2011-05-31,0.02
DVA,2011-05-31,0.02
AAPL,2011-05-31,0.02
AAPL,2011-05-31,0.02
AAPL,2011-05-31,0.02
AAPL,2011-05-31,0.02
LB,2011-05-31,0.02
LB,2011-05-31,0.02
C,2011-06-30,0.02
C,2011-06-30,0.02
C,2011-06-30,0.02
C,2011-06-30,0.02
C,2011-06-30,0.02
C,2011-06-30,0.02
C,2011-06-30,0.02
C,2011-06-30,0.02
C,2011-06-30,0.02
C,2011-06-30,0.02
C,2011-06-30,0.02
C,2011-06-30,0.02
C,2011-06-30,0.02
C,2011-06-30,0.02
C,2011-06-30,0.02
C,2011-06-30,0.02
C,2011-06-30,0.02
C,2011-06-30,0.02
C,2011-06-30,0.02
C,2011-06-30,0.02
C,2011-06-30,0.02
C,2011-06-30,0.02
C,2011-06-30,0.02
C,2011-06-30,0.02
C,2011-06-30,0.02
C,2011-06-30,0.02
C,2011-06-30,0.02
C,2011-06-30,0.02
C,2011-06-30,0.02
C,2011-06-30,0.02
C,2011-06-30,0.02
C,2011-06-30,0.02
LVLT,2011-06-30,0.02
LVLT,2011-06-30,0.02
LVLT,2011-06-30,0.02
LVLT,2011-06-30,0.02
AAPL,2011-06-30,0.02
AAPL,2011-06-30,0.02
AAPL,2011-06-30,0.02
AAPL,2011-06-30,0.02
AAPL,2011-06-30,0.02
AAPL,2011-06-30,0.02
AAPL,2011-06-30,0.02
AAPL,2011-06-30,0.02
AAPL,2011-06-30,0.02
AAPL,2011-06-30,0.02
AAPL,2011-06-30,0.02
AAPL,2011-06-30,0.02
AAPL,2011-06-30,0.02
AAPL,2011-06-30,0.02
C,2011-07-31,0.02
C,2011-07-31,0.02
C,2011-07-31,0.02
C,2011-07-31,0.02
C,2011-07-31,0.02
C,2011-07-31,0.02
C,2011-07-31,0.02
C,2011-07-31,0.02
C,2011-07-31,0.02
C,2011-07-31,0.02
C,2011-07-31,0.02
C,2011-07-31,0.02
C,2011-07-31,0.02
C,2011-07-31,0.02
C,2011-07-31,0.02
C,2011-07-31,0.02
C,2011-07-31,0.02
C,2011-07-31,0.02
C,2011-07-31,0.02
C,2011-07-31,0.02
C,2011-07-31,0.02
C,2011-07-31,0.02
C,2011-07-31,0.02
C,2011-07-31,0.02
C,2011-07-31,0.02
C,2011-07-31,0.02
C,2011-07-31,0.02
C,2011-07-31,0.02
C,2011-07-31,0.02
C,2011-07-31,0.02
C,2011-07-31,0.02
C,2011-07-31,0.02
C,2011-07-31,0.02
C,2011-07-31,0.02
C,2011-07-31,0.02
C,2011-07-31,0.02
C,2011-07-31,0.02
C,2011-07-31,0.02
C,2011-07-31,0.02
C,2011-07-31,0.02
C,2011-07-31,0.02
C,2011-07-31,0.02
C,2011-07-31,0.02
C,2011-07-31,0.02
C,2011-07-31,0.02
C,2011-07-31,0.02
C,2011-07-31,0.02
C,2011-07-31,0.02
C,2011-07-31,0.02
C,2011-07-31,0.02
AAPL,2011-08-31,0.02
AAPL,2011-08-31,0.02
AAPL,2011-08-31,0.02
AAPL,2011-08-31,0.02
AAPL,2011-08-31,0.02
AAPL,2011-08-31,0.02
AAPL,2011-08-31,0.02
AAPL,2011-08-31,0.02
AAPL,2011-08-31,0.02
AAPL,2011-08-31,0.02
AAPL,2011-08-31,0.02
AAPL,2011-08-31,0.02
AAPL,2011-08-31,0.02
AAPL,2011-08-31,0.02
AAPL,2011-08-31,0.02
AAPL,2011-08-31,0.02
AAPL,2011-08-31,0.02
AAPL,2011-08-31,0.02
AAPL,2011-08-31,0.02
AAPL,2011-08-31,0.02
MCD,2011-08-31,0.02
MCD,2011-08-31,0.02
MCD,2011-08-31,0.02
MCD,2011-08-31,0.02
AAPL,2011-08-31,0.02
AAPL,2011-08-31,0.02
AAPL,2011-08-31,0.02
AAPL,2011-08-31,0.02
AAP,2011-08-31,0.02
AAP,2011-08-31,0.02
AAP,2011-08-31,0.02
AAP,2011-08-31,0.02
AAPL,2011-08-31,0.02
AAPL,2011-08-31,0.02
AAPL,2011-08-31,0.02
AAPL,2011-08-31,0.02
MDLZ,2011-08-31,0.02
MDLZ,2011-08-31,0.02
MDLZ,2011-08-31,0.02
MDLZ,2011-08-31,0.02
AAPL,2011-08-31,0.02
AAPL,2011-08-31,0.02
AAPL,2011-08-31,0.02
AAPL,2011-08-31,0.02
CL,2011-08-31,0.02
CL,2011-08-31,0.02
CL,2011-08-31,0.02
CL,2011-08-31,0.02
AAPL,2011-08-31,0.02
AAPL,2011-08-31,0.02
AAPL,2011-09-30,0.02
AAPL,2011-09-30,0.02
AAPL,2011-09-30,0.02
AAPL,2011-09-30,0.02
AAPL,2011-09-30,0.02
AAPL,2011-09-30,0.02
AAPL,2011-09-30,0.02
AAPL,2011-09-30,0.02
AAPL,2011-09-30,0.02
AAPL,2011-09-30,0.02
AAPL,2011-09-30,0.02
AAPL,2011-09-30,0.02
AAPL,2011-09-30,0.02
AAPL,2011-09-30,0.02
AAPL,2011-09-30,0.02
AAPL,2011-09-30,0.02
AAPL,2011-09-30,0.02
AAPL,2011-09-30,0.02
AAPL,2011-09-30,0.02
AAPL,2011-09-30,0.02
AAPL,2011-09-30,0.02
AAPL,2011-09-30,0.02
AAPL,2011-09-30,0.02
AAPL,2011-09-30,0.02
AAPL,2011-09-30,0.02
AAPL,2011-09-30,0.02
AAPL,2011-09-30,0.02
AAPL,2011-09-30,0.02
AAPL,2011-09-30,0.02
AAPL,2011-09-30,0.02
AAPL,2011-09-30,0.02
AAPL,2011-09-30,0.02
AAPL,2011-09-30,0.02
AAPL,2011-09-30,0.02
AAPL,2011-09-30,0.02
AAPL,2011-09-30,0.02
AAPL,2011-09-30,0.02
AAPL,2011-09-30,0.02
AAPL,2011-09-30,0.02
AAPL,2011-09-30,0.02
AAPL,2011-09-30,0.02
AAPL,2011-09-30,0.02
AAPL,2011-09-30,0.02
AAPL,2011-09-30,0.02
AAP,2011-09-30,0.02
AAP,2011-09-30,0.02
AAP,2011-09-30,0.02
AAP,2011-09-30,0.02
AAPL,2011-09-30,0.02
AAPL,2011-09-30,0.02
AAPL,2011-10-31,0.02
AAPL,2011-10-31,0.02
AAPL,2011-10-31,0.02
AAPL,2011-10-31,0.02
AAPL,2011-10-31,0.02
AAPL,2011-10-31,0.02
AAPL,2011-10-31,0.02
AAPL,2011-10-31,0.02
AAPL,2011-10-31,0.02
AAPL,2011-10-31,0.02
AAPL,2011-10-31,0.02
AAPL,2011-10-31,0.02
AAPL,2011-10-31,0.02
AAPL,2011-10-31,0.02
AAPL,2011-10-31,0.02
AAPL,2011-10-31,0.02
AAPL,2011-10-31,0.02
AAPL,2011-10-31,0.02
AAPL,2011-10-31,0.02
AAPL,2011-10-31,0.02
AAP,2011-10-31,0.02
AAP,2011-10-31,0.02
AAP,2011-10-31,0.02
AAP,2011-10-31,0.02
AAPL,2011-10-31,0.02
AAPL,2011-10-31,0.02
AAPL,2011-10-31,0.02
AAPL,2011-10-31,0.02
AAPL,2011-10-31,0.02
AAPL,2011-10-31,0.02
AAPL,2011-10-31,0.02
AAPL,2011-10-31,0.02
CPB,2011-10-31,0.02
CPB,2011-10-31,0.02
CPB,2011-10-31,0.02
CPB,2011-10-31,0.02
MCD,2011-10-31,0.02
MCD,2011-10-31,0.02
MCD,2011-10-31,0.02
MCD,2011-10-31,0.02
AAP,2011-10-31,0.02
AAP,2011-10-31,0.02
AAP,2011-10-31,0.02
AAP,2011-10-31,0.02
COST,2011-10-31,0.02
COST,2011-10-31,0.02
COST,2011-10-31,0.02
COST,2011-10-31,0.02
AAP,2011-10-31,0.02
AAP,2011-10-31,0.02
AAPL,2011-11-30,0.02
AAPL,2011-11-30,0.02
AAPL,2011-11-30,0.02
AAPL,2011-11-30,0.02
AAPL,2011-11-30,0.02
AAPL,2011-11-30,0.02
AAPL,2011-11-30,0.02
AAPL,2011-11-30,0.02
RHT,2011-11-30,0.02
RHT,2011-11-30,0.02
RHT,2011-11-30,0.02
RHT,2011-11-30,0.02
INTC,2011-11-30,0.02
INTC,2011-11-30,0.02
INTC,2011-11-30,0.02
INTC,2011-11-30,0.02
AAPL,2011-11-30,0.02
AAPL,2011-11-30,0.02
AAPL,2011-11-30,0.02
AAPL,2011-11-30,0.02
AAPL,2011-11-30,0.02
AAPL,2011-11-30,0.02
AAPL,2011-11-30,0.02
AAPL,2011-11-30,0.02
ROST,2011-11-30,0.02
ROST,2011-11-30,0.02
ROST,2011-11-30,0.02
ROST,2011-11-30,0.02
AAPL,2011-11-30,0.02
AAPL,2011-11-30,0.02
AAPL,2011-11-30,0.02
AAPL,2011-11-30,0.02
SBUX,2011-11-30,0.02
SBUX,2011-11-30,0.02
SBUX,2011-11-30,0.02
SBUX,2011-11-30,0.02
AAPL,2011-11-30,0.02
AAPL,2011-11-30,0.02
AAPL,2011-11-30,0.02
AAPL,2011-11-30,0.02
RHI,2011-11-30,0.02
RHI,2011-11-30,0.02
RHI,2011-11-30,0.02
RHI,2011-11-30,0.02
AAPL,2011-11-30,0.02
AAPL,2011-11-30,0.02
AAPL,2011-11-30,0.02
AAPL,2011-11-30,0.02
AAPL,2011-11-30,0.02
AAPL,2011-11-30,0.02
LVLT,2011-12-31,0.02
LVLT,2011-12-31,0.02
LVLT,2011-12-31,0.02
LVLT,2011-12-31,0.02
LVLT,2011-12-31,0.02
LVLT,2011-12-31,0.02
LVLT,2011-12-31,0.02
LVLT,2011-12-31,0.02
LVLT,2011-12-31,0.02
LVLT,2011-12-31,0.02
LVLT,2011-12-31,0.02
LVLT,2011-12-31,0.02
LVLT,2011-12-31,0.02
LVLT,2011-12-31,0.02
LVLT,2011-12-31,0.02
LVLT,2011-12-31,0.02
LVLT,2011-12-31,0.02
LVLT,2011-12-31,0.02
LVLT,2011-12-31,0.02
LVLT,2011-12-31,0.02
LVLT,2011-12-31,0.02
LVLT,2011-12-31,0.02
LVLT,2011-12-31,0.02
LVLT,2011-12-31,0.02
LVLT,2011-12-31,0.02
LVLT,2011-12-31,0.02
LVLT,2011-12-31,0.02
LVLT,2011-12-31,0.02
LVLT,2011-12-31,0.02
LVLT,2011-12-31,0.02
LVLT,2011-12-31,0.02
LVLT,2011-12-31,0.02
LVLT,2011-12-31,0.02
LVLT,2011-12-31,0.02
LVLT,2011-12-31,0.02
LVLT,2011-12-31,0.02
LVLT,2011-12-31,0.02
LVLT,2011-12-31,0.02
LVLT,2011-12-31,0.02
LVLT,2011-12-31,0.02
AAPL,2011-12-31,0.02
AAPL,2011-12-31,0.02
AAPL,2011-12-31,0.02
AAPL,2011-12-31,0.02
AAPL,2011-12-31,0.02
AAPL,2011-12-31,0.02
AAPL,2011-12-31,0.02
AAPL,2011-12-31,0.02
LVLT,2011-12-31,0.02
LVLT,2011-12-31,0.02
AAPL,2012-01-31,0.02
AAPL,2012-01-31,0.02
AAPL,2012-01-31,0.02
AAPL,2012-01-31,0.02
AAPL,2012-01-31,0.02
AAPL,2012-01-31,0.02
AAPL,2012-01-31,0.02
AAPL,2012-01-31,0.02
AAPL,2012-01-31,0.02
AAPL,2012-01-31,0.02
AAPL,2012-01-31,0.02
AAPL,2012-01-31,0.02
LVLT,2012-01-31,0.02
LVLT,2012-01-31,0.02
LVLT,2012-01-31,0.02
LVLT,2012-01-31,0.02
LVLT,2012-01-31,0.02
LVLT,2012-01-31,0.02
LVLT,2012-01-31,0.02
LVLT,2012-01-31,0.02
LVLT,2012-01-31,0.02
LVLT,2012-01-31,0.02
LVLT,2012-01-31,0.02
LVLT,2012-01-31,0.02
FAST,2012-01-31,0.02
FAST,2012-01-31,0.02
FAST,2012-01-31,0.02
FAST,2012-01-31,0.02
LVLT,2012-01-31,0.02
LVLT,2012-01-31,0.02
LVLT,2012-01-31,0.02
LVLT,2012-01-31,0.02
LVLT,2012-01-31,0.02
LVLT,2012-01-31,0.02
LVLT,2012-01-31,0.02
LVLT,2012-01-31,0.02
LVLT,2012-01-31,0.02
LVLT,2012-01-31,0.02
LVLT,2012-01-31,0.02
LVLT,2012-01-31,0.02
LVLT,2012-01-31,0.02
LVLT,2012-01-31,0.02
LVLT,2012-01-31,0.02
LVLT,2012-01-31,0.02
LVLT,2012-01-31,0.02
LVLT,2012-01-31,0.02
LVLT,2012-01-31,0.02
LVLT,2012-01-31,0.02
LVLT,2012-01-31,0.02
LVLT,2012-01-31,0.02
AAPL,2012-02-29,0.02
AAPL,2012-02-29,0.02
AAPL,2012-02-29,0.02
AAPL,2012-02-29,0.02
AAPL,2012-02-29,0.02
AAPL,2012-02-29,0.02
AAPL,2012-02-29,0.02
AAPL,2012-02-29,0.02
AAPL,2012-02-29,0.02
AAPL,2012-02-29,0.02
AAPL,2012-02-29,0.02
AAPL,2012-02-29,0.02
AAPL,2012-02-29,0.02
AAPL,2012-02-29,0.02
AAPL,2012-02-29,0.02
AAPL,2012-02-29,0.02
AAPL,2012-02-29,0.02
AAPL,2012-02-29,0.02
AAPL,2012-02-29,0.02
AAPL,2012-02-29,0.02
AAPL,2012-02-29,0.02
AAPL,2012-02-29,0.02
AAPL,2012-02-29,0.02
AAPL,2012-02-29,0.02
AAPL,2012-02-29,0.02
AAPL,2012-02-29,0.02
AAPL,2012-02-29,0.02
AAPL,2012-02-29,0.02
AAPL,2012-02-29,0.02
AAPL,2012-02-29,0.02
AAPL,2012-02-29,0.02
AAPL,2012-02-29,0.02
AAPL,2012-02-29,0.02
AAPL,2012-02-29,0.02
AAPL,2012-02-29,0.02
AAPL,2012-02-29,0.02
AAPL,2012-02-29,0.02
AAPL,2012-02-29,0.02
AAPL,2012-02-29,0.02
AAPL,2012-02-29,0.02
AAPL,2012-02-29,0.02
AAPL,2012-02-29,0.02
AAPL,2012-02-29,0.02
AAPL,2012-02-29,0.02
AAPL,2012-02-29,0.02
AAPL,2012-02-29,0.02
AAPL,2012-02-29,0.02
AAPL,2012-02-29,0.02
LVLT,2012-02-29,0.02
LVLT,2012-02-29,0.02
AAPL,2012-03-31,0.02
AAPL,2012-03-31,0.02
AAPL,2012-03-31,0.02
AAPL,2012-03-31,0.02
AAPL,2012-03-31,0.02
AAPL,2012-03-31,0.02
AAPL,2012-03-31,0.02
AAPL,2012-03-31,0.02
AAPL,2012-03-31,0.02
AAPL,2012-03-31,0.02
AAPL,2012-03-31,0.02
AAPL,2012-03-31,0.02
AAPL,2012-03-31,0.02
AAPL,2012-03-31,0.02
AAPL,2012-03-31,0.02
AAPL,2012-03-31,0.02
AAPL,2012-03-31,0.02
AAPL,2012-03-31,0.02
AAPL,2012-03-31,0.02
AAPL,2012-03-31,0.02
AAPL,2012-03-31,0.02
AAPL,2012-03-31,0.02
AAPL,2012-03-31,0.02
AAPL,2012-03-31,0.02
AAPL,2012-03-31,0.02
AAPL,2012-03-31,0.02
AAPL,2012-03-31,0.02
AAPL,2012-03-31,0.02
AAPL,2012-03-31,0.02
AAPL,2012-03-31,0.02
AAPL,2012-03-31,0.02
AAPL,2012-03-31,0.02
AAPL,2012-03-31,0.02
AAPL,2012-03-31,0.02
AAPL,2012-03-31,0.02
AAPL,2012-03-31,0.02
AAPL,2012-03-31,0.02
AAPL,2012-03-31,0.02
AAPL,2012-03-31,0.02
AAPL,2012-03-31,0.02
AAPL,2012-03-31,0.02
AAPL,2012-03-31,0.02
AAPL,2012-03-31,0.02
AAPL,2012-03-31,0.02
AAPL,2012-03-31,0.02
AAPL,2012-03-31,0.02
AAPL,2012-03-31,0.02
AAPL,2012-03-31,0.02
AAPL,2012-03-31,0.02
AAPL,2012-03-31,0.02
AAPL,2012-04-30,0.02
AAPL,2012-04-30,0.02
AAPL,2012-04-30,0.02
AAPL,2012-04-30,0.02
AAPL,2012-04-30,0.02
AAPL,2012-04-30,0.02
AAPL,2012-04-30,0.02
AAPL,2012-04-30,0.02
AAPL,2012-04-30,0.02
AAPL,2012-04-30,0.02
AAPL,2012-04-30,0.02
AAPL,2012-04-30,0.02
AAPL,2012-04-30,0.02
AAPL,2012-04-30,0.02
AAPL,2012-04-30,0.02
AAPL,2012-04-30,0.02
AAPL,2012-04-30,0.02
AAPL,2012-04-30,0.02
AAPL,2012-04-30,0.02
AAPL,2012-04-30,0.02
AAPL,2012-04-30,0.02
AAPL,2012-04-30,0.02
AAPL,2012-04-30,0.02
AAPL,2012-04-30,0.02
AAPL,2012-04-30,0.02
AAPL,2012-04-30,0.02
AAPL,2012-04-30,0.02
AAPL,2012-04-30,0.02
AAPL,2012-04-30,0.02
AAPL,2012-04-30,0.02
AAPL,2012-04-30,0.02
AAPL,2012-04-30,0.02
AAPL,2012-04-30,0.02
AAPL,2012-04-30,0.02
AAPL,2012-04-30,0.02
AAPL,2012-04-30,0.02
AAPL,2012-04-30,0.02
AAPL,2012-04-30,0.02
AAPL,2012-04-30,0.02
AAPL,2012-04-30,0.02
AAPL,2012-04-30,0.02
AAPL,2012-04-30,0.02
AAPL,2012-04-30,0.02
AAPL,2012-04-30,0.02
AAPL,2012-04-30,0.02
AAPL,2012-04-30,0.02
AAPL,2012-04-30,0.02
AAPL,2012-04-30,0.02
AAPL,2012-04-30,0.02
AAPL,2012-04-30,0.02
AAPL,2012-05-31,0.02
AAPL,2012-05-31,0.02
AAPL,2012-05-31,0.02
AAPL,2012-05-31,0.02
AAPL,2012-05-31,0.02
AAPL,2012-05-31,0.02
AAPL,2012-05-31,0.02
AAPL,2012-05-31,0.02
MO,2012-05-31,0.02
MO,2012-05-31,0.02
MO,2012-05-31,0.02
MO,2012-05-31,0.02
AAPL,2012-05-31,0.02
AAPL,2012-05-31,0.02
AAPL,2012-05-31,0.02
AAPL,2012-05-31,0.02
AAPL,2012-05-31,0.02
AAPL,2012-05-31,0.02
AAPL,2012-05-31,0.02
AAPL,2012-05-31,0.02
AAPL,2012-05-31,0.02
AAPL,2012-05-31,0.02
AAPL,2012-05-31,0.02
AAPL,2012-05-31,0.02
CVS,2012-05-31,0.02
CVS,2012-05-31,0.02
CVS,2012-05-31,0.02
CVS,2012-05-31,0.02
GPS,2012-05-31,0.02
GPS,2012-05-31,0.02
GPS,2012-05-31,0.02
GPS,2012-05-31,0.02
AAPL,2012-05-31,0.02
AAPL,2012-05-31,0.02
AAPL,2012-05-31,0.02
AAPL,2012-05-31,0.02
CTAS,2012-05-31,0.02
CTAS,2012-05-31,0.02
CTAS,2012-05-31,0.02
CTAS,2012-05-31,0.02
AAPL,2012-05-31,0.02
AAPL,2012-05-31,0.02
AAPL,2012-05-31,0.02
AAPL,2012-05-31,0.02
AAPL,2012-05-31,0.02
AAPL,2012-05-31,0.02
AAPL,2012-05-31,0.02
AAPL,2012-05-31,0.02
D,2012-05-31,0.02
D,2012-05-31,0.02
AAPL,2012-06-30,0.02
AAPL,2012-06-30,0.02
AAPL,2012-06-30,0.02
AAPL,2012-06-30,0.02
AAPL,2012-06-30,0.02
AAPL,2012-06-30,0.02
AAPL,2012-06-30,0.02
AAPL,2012-06-30,0.02
AAPL,2012-06-30,0.02
AAPL,2012-06-30,0.02
AAPL,2012-06-30,0.02
AAPL,2012-06-30,0.02
AAPL,2012-06-30,0.02
AAPL,2012-06-30,0.02
AAPL,2012-06-30,0.02
AAPL,2012-06-30,0.02
AAPL,2012-06-30,0.02
AAPL,2012-06-30,0.02
AAPL,2012-06-30,0.02
AAPL,2012-06-30,0.02
AAPL,2012-06-30,0.02
AAPL,2012-06-30,0.02
AAPL,2012-06-30,0.02
AAPL,2012-06-30,0.02
AAPL,2012-06-30,0.02
AAPL,2012-06-30,0.02
AAPL,2012-06-30,0.02
AAPL,2012-06-30,0.02
AAPL,2012-06-30,0.02
AAPL,2012-06-30,0.02
AAPL,2012-06-30,0.02
AAPL,2012-06-30,0.02
AAPL,2012-06-30,0.02
AAPL,2012-06-30,0.02
AAPL,2012-06-30,0.02
AAPL,2012-06-30,0.02
AAPL,2012-06-30,0.02
AAPL,2012-06-30,0.02
AAPL,2012-06-30,0.02
AAPL,2012-06-30,0.02
MO,2012-06-30,0.02
MO,2012-06-30,0.02
MO,2012-06-30,0.02
MO,2012-06-30,0.02
AAPL,2012-06-30,0.02
AAPL,2012-06-30,0.02
AAPL,2012-06-30,0.02
AAPL,2012-06-30,0.02
AAPL,2012-06-30,0.02
AAPL,2012-06-30,0.02
AAPL,2012-07-31,0.02
AAPL,2012-07-31,0.02
AAPL,2012-07-31,0.02
AAPL,2012-07-31,0.02
AAPL,2012-07-31,0.02
AAPL,2012-07-31,0.02
AAPL,2012-07-31,0.02
AAPL,2012-07-31,0.02
AAPL,2012-07-31,0.02
AAPL,2012-07-31,0.02
AAPL,2012-07-31,0.02
AAPL,2012-07-31,0.02
AAPL,2012-07-31,0.02
AAPL,2012-07-31,0.02
AAPL,2012-07-31,0.02
AAPL,2012-07-31,0.02
AAPL,2012-07-31,0.02
AAPL,2012-07-31,0.02
AAPL,2012-07-31,0.02
AAPL,2012-07-31,0.02
AAPL,2012-07-31,0.02
AAPL,2012-07-31,0.02
AAPL,2012-07-31,0.02
AAPL,2012-07-31,0.02
AAPL,2012-07-31,0.02
AAPL,2012-07-31,0.02
AAPL,2012-07-31,0.02
AAPL,2012-07-31,0.02
AAPL,2012-07-31,0.02
AAPL,2012-07-31,0.02
AAPL,2012-07-31,0.02
AAPL,2012-07-31,0.02
AAPL,2012-07-31,0.02
AAPL,2012-07-31,0.02
AAPL,2012-07-31,0.02
AAPL,2012-07-31,0.02
AAPL,2012-07-31,0.02
AAPL,2012-07-31,0.02
AAPL,2012-07-31,0.02
AAPL,2012-07-31,0.02
AAPL,2012-07-31,0.02
AAPL,2012-07-31,0.02
AAPL,2012-07-31,0.02
AAPL,2012-07-31,0.02
AAPL,2012-07-31,0.02
AAPL,2012-07-31,0.02
AAPL,2012-07-31,0.02
AAPL,2012-07-31,0.02
AAPL,2012-07-31,0.02
AAPL,2012-07-31,0.02
AAPL,2012-08-31,0.02
AAPL,2012-08-31,0.02
AAPL,2012-08-31,0.02
AAPL,2012-08-31,0.02
AAPL,2012-08-31,0.02
AAPL,2012-08-31,0.02
AAPL,2012-08-31,0.02
AAPL,2012-08-31,0.02
AAPL,2012-08-31,0.02
AAPL,2012-08-31,0.02
AAPL,2012-08-31,0.02
AAPL,2012-08-31,0.02
AAPL,2012-08-31,0.02
AAPL,2012-08-31,0.02
AAPL,2012-08-31,0.02
AAPL,2012-08-31,0.02
AAPL,2012-08-31,0.02
AAPL,2012-08-31,0.02
AAPL,2012-08-31,0.02
AAPL,2012-08-31,0.02
AAPL,2012-08-31,0.02
AAPL,2012-08-31,0.02
AAPL,2012-08-31,0.02
AAPL,2012-08-31,0.02
AAPL,2012-08-31,0.02
AAPL,2012-08-31,0.02
AAPL,2012-08-31,0.02
AAPL,2012-08-31,0.02
AAPL,2012-08-31,0.02
AAPL,2012-08-31,0.02
AAPL,2012-08-31,0.02
AAPL,2012-08-31,0.02
DUK,2012-08-31,0.02
DUK,2012-08-31,0.02
DUK,2012-08-31,0.02
DUK,2012-08-31,0.02
AAPL,2012-08-31,0.02
AAPL,2012-08-31,0.02
AAPL,2012-08-31,0.02
AAPL,2012-08-31,0.02
DUK,2012-08-31,0.02
DUK,2012-08-31,0.02
DUK,2012-08-31,0.02
DUK,2012-08-31,0.02
DUK,2012-08-31,0.02
DUK,2012-08-31,0.02
DUK,2012-08-31,0.02
DUK,2012-08-31,0.02
DUK,2012-08-31,0.02
DUK,2012-08-31,0.02
AAPL,2012-09-30,0.02
AAPL,2012-09-30,0.02
AAPL,2012-09-30,0.02
AAPL,2012-09-30,0.02
AAPL,2012-09-30,0.02
AAPL,2012-09-30,0.02
AAPL,2012-09-30,0.02
AAPL,2012-09-30,0.02
AAPL,2012-09-30,0.02
AAPL,2012-09-30,0.02
AAPL,2012-09-30,0.02
AAPL,2012-09-30,0.02
AAPL,2012-09-30,0.02
AAPL,2012-09-30,0.02
AAPL,2012-09-30,0.02
AAPL,2012-09-30,0.02
AAPL,2012-09-30,0.02
AAPL,2012-09-30,0.02
AAPL,2012-09-30,0.02
AAPL,2012-09-30,0.02
AAPL,2012-09-30,0.02
AAPL,2012-09-30,0.02
AAPL,2012-09-30,0.02
AAPL,2012-09-30,0.02
DUK,2012-09-30,0.02
DUK,2012-09-30,0.02
DUK,2012-09-30,0.02
DUK,2012-09-30,0.02
DUK,2012-09-30,0.02
DUK,2012-09-30,0.02
DUK,2012-09-30,0.02
DUK,2012-09-30,0.02
DUK,2012-09-30,0.02
DUK,2012-09-30,0.02
DUK,2012-09-30,0.02
DUK,2012-09-30,0.02
DUK,2012-09-30,0.02
DUK,2012-09-30,0.02
DUK,2012-09-30,0.02
DUK,2012-09-30,0.02
DUK,2012-09-30,0.02
DUK,2012-09-30,0.02
DUK,2012-09-30,0.02
DUK,2012-09-30,0.02
AAPL,2012-09-30,0.02
AAPL,2012-09-30,0.02
AAPL,2012-09-30,0.02
AAPL,2012-09-30,0.02
AAPL,2012-09-30,0.02
AAPL,2012-09-30,0.02
AAPL,2012-10-31,0.02
AAPL,2012-10-31,0.02
AAPL,2012-10-31,0.02
AAPL,2012-10-31,0.02
AAPL,2012-10-31,0.02
AAPL,2012-10-31,0.02
AAPL,2012-10-31,0.02
AAPL,2012-10-31,0.02
AAPL,2012-10-31,0.02
AAPL,2012-10-31,0.02
AAPL,2012-10-31,0.02
AAPL,2012-10-31,0.02
AAPL,2012-10-31,0.02
AAPL,2012-10-31,0.02
AAPL,2012-10-31,0.02
AAPL,2012-10-31,0.02
AAPL,2012-10-31,0.02
AAPL,2012-10-31,0.02
AAPL,2012-10-31,0.02
AAPL,2012-10-31,0.02
AAPL,2012-10-31,0.02
AAPL,2012-10-31,0.02
AAPL,2012-10-31,0.02
AAPL,2012-10-31,0.02
AAPL,2012-10-31,0.02
AAPL,2012-10-31,0.02
AAPL,2012-10-31,0.02
AAPL,2012-10-31,0.02
GPS,2012-10-31,0.02
GPS,2012-10-31,0.02
GPS,2012-10-31,0.02
GPS,2012-10-31,0.02
DUK,2012-10-31,0.02
DUK,2012-10-31,0.02
DUK,2012-10-31,0.02
DUK,2012-10-31,0.02
DUK,2012-10-31,0.02
DUK,2012-10-31,0.02
DUK,2012-10-31,0.02
DUK,2012-10-31,0.02
AAPL,2012-10-31,0.02
AAPL,2012-10-31,0.02
AAPL,2012-10-31,0.02
AAPL,2012-10-31,0.02
DUK,2012-10-31,0.02
DUK,2012-10-31,0.02
DUK,2012-10-31,0.02
DUK,2012-10-31,0.02
AAPL,2012-10-31,0.02
AAPL,2012-10-31,0.02
DUK,2012-11-30,0.02
DUK,2012-11-30,0.02
DUK,2012-11-30,0.02
DUK,2012-11-30,0.02
MAT,2012-11-30,0.02
MAT,2012-11-30,0.02
MAT,2012-11-30,0.02
MAT,2012-11-30,0.02
ALK,2012-11-30,0.02
ALK,2012-11-30,0.02
ALK,2012-11-30,0.02
ALK,2012-11-30,0.02
MCO,2012-11-30,0.02
MCO,2012-11-30,0.02
MCO,2012-11-30,0.02
MCO,2012-11-30,0.02
MA,2012-11-30,0.02
MA,2012-11-30,0.02
MA,2012-11-30,0.02
MA,2012-11-30,0.02
HBI,2012-11-30,0.02
HBI,2012-11-30,0.02
HBI,2012-11-30,0.02
HBI,2012-11-30,0.02
HD,2012-11-30,0.02
HD,2012-11-30,0.02
HD,2012-11-30,0.02
HD,2012-11-30,0.02
STZ,2012-11-30,0.02
STZ,2012-11-30,0.02
STZ,2012-11-30,0.02
STZ,2012-11-30,0.02
MAC,2012-11-30,0.02
MAC,2012-11-30,0.02
MAC,2012-11-30,0.02
MAC,2012-11-30,0.02
MCK,2012-11-30,0.02
MCK,2012-11-30,0.02
MCK,2012-11-30,0.02
MCK,2012-11-30,0.02
GPC,2012-11-30,0.02
GPC,2012-11-30,0.02
GPC,2012-11-30,0.02
GPC,2012-11-30,0.02
AFL,2012-11-30,0.02
AFL,2012-11-30,0.02
AFL,2012-11-30,0.02
AFL,2012-11-30,0.02
V,2012-11-30,0.02
V,2012-11-30,0.02
MNST,2012-12-31,0.02
MNST,2012-12-31,0.02
MNST,2012-12-31,0.02
MNST,2012-12-31,0.02
DUK,2012-12-31,0.02
DUK,2012-12-31,0.02
DUK,2012-12-31,0.02
DUK,2012-12-31,0.02
CTSH,2012-12-31,0.02
CTSH,2012-12-31,0.02
CTSH,2012-12-31,0.02
CTSH,2012-12-31,0.02
MCO,2012-12-31,0.02
MCO,2012-12-31,0.02
MCO,2012-12-31,0.02
MCO,2012-12-31,0.02
GILD,2012-12-31,0.02
GILD,2012-12-31,0.02
GILD,2012-12-31,0.02
GILD,2012-12-31,0.02
C,2012-12-31,0.02
C,2012-12-31,0.02
C,2012-12-31,0.02
C,2012-12-31,0.02
WHR,2012-12-31,0.02
WHR,2012-12-31,0.02
WHR,2012-12-31,0.02
WHR,2012-12-31,0.02
LYB,2012-12-31,0.02
LYB,2012-12-31,0.02
LYB,2012-12-31,0.02
LYB,2012-12-31,0.02
R,2012-12-31,0.02
R,2012-12-31,0.02
R,2012-12-31,0.02
R,2012-12-31,0.02
CHRW,2012-12-31,0.02
CHRW,2012-12-31,0.02
CHRW,2012-12-31,0.02
CHRW,2012-12-31,0.02
ROK,2012-12-31,0.02
ROK,2012-12-31,0.02
ROK,2012-12-31,0.02
ROK,2012-12-31,0.02
CF,2012-12-31,0.02
CF,2012-12-31,0.02
CF,2012-12-31,0.02
CF,2012-12-31,0.02
LLY,2012-12-31,0.02
LLY,2012-12-31,0.02
URBN,2013-01-31,0.02
URBN,2013-01-31,0.02
URBN,2013-01-31,0.02
URBN,2013-01-31,0.02
TSN,2013-01-31,0.02
TSN,2013-01-31,0.02
TSN,2013-01-31,0.02
TSN,2013-01-31,0.02
MO,2013-01-31,0.02
MO,2013-01-31,0.02
MO,2013-01-31,0.02
MO,2013-01-31,0.02
XL,2013-01-31,0.02
XL,2013-01-31,0.02
XL,2013-01-31,0.02
XL,2013-01-31,0.02
UHS,2013-01-31,0.02
UHS,2013-01-31,0.02
UHS,2013-01-31,0.02
UHS,2013-01-31,0.02
WMT,2013-01-31,0.02
WMT,2013-01-31,0.02
WMT,2013-01-31,0.02
WMT,2013-01-31,0.02
UAL,2013-01-31,0.02
UAL,2013-01-31,0.02
UAL,2013-01-31,0.02
UAL,2013-01-31,0.02
DAL,2013-01-31,0.02
DAL,2013-01-31,0.02
DAL,2013-01-31,0.02
DAL,2013-01-31,0.02
XLNX,2013-01-31,0.02
XLNX,2013-01-31,0.02
XLNX,2013-01-31,0.02
XLNX,2013-01-31,0.02
C,2013-01-31,0.02
C,2013-01-31,0.02
C,2013-01-31,0.02
C,2013-01-31,0.02
AIG,2013-01-31,0.02
AIG,2013-01-31,0.02
AIG,2013-01-31,0.02
AIG,2013-01-31,0.02
WYNN,2013-01-31,0.02
WYNN,2013-01-31,0.02
WYNN,2013-01-31,0.02
WYNN,2013-01-31,0.02
UNM,2013-01-31,0.02
UNM,2013-01-31,0.02
MPC,2013-02-28,0.02
MPC,2013-02-28,0.02
MPC,2013-02-28,0.02
MPC,2013-02-28,0.02
DG,2013-02-28,0.02
DG,2013-02-28,0.02
DG,2013-02-28,0.02
DG,2013-02-28,0.02
NLSN,2013-02-28,0.02
NLSN,2013-02-28,0.02
NLSN,2013-02-28,0.02
NLSN,2013-02-28,0.02
RHT,2013-02-28,0.02
RHT,2013-02-28,0.02
RHT,2013-02-28,0.02
RHT,2013-02-28,0.02
C,2013-02-28,0.02
C,2013-02-28,0.02
C,2013-02-28,0.02
C,2013-02-28,0.02
DLPH,2013-02-28,0.02
DLPH,2013-02-28,0.02
DLPH,2013-02-28,0.02
DLPH,2013-02-28,0.02
MO,2013-02-28,0.02
MO,2013-02-28,0.02
MO,2013-02-28,0.02
MO,2013-02-28,0.02
HD,2013-02-28,0.02
HD,2013-02-28,0.02
HD,2013-02-28,0.02
HD,2013-02-28,0.02
DAL,2013-02-28,0.02
DAL,2013-02-28,0.02
DAL,2013-02-28,0.02
DAL,2013-02-28,0.02
SBUX,2013-02-28,0.02
SBUX,2013-02-28,0.02
SBUX,2013-02-28,0.02
SBUX,2013-02-28,0.02
DAL,2013-02-28,0.02
DAL,2013-02-28,0.02
DAL,2013-02-28,0.02
DAL,2013-02-28,0.02
HRB,2013-02-28,0.02
HRB,2013-02-28,0.02
HRB,2013-02-28,0.02
HRB,2013-02-28,0.02
HRL,2013-02-28,0.02
HRL,2013-02-28,0.02
TDG,2013-03-31,0.02
TDG,2013-03-31,0.02
TDG,2013-03-31,0.02
TDG,2013-03-31,0.02
KMI,2013-03-31,0.02
KMI,2013-03-31,0.02
KMI,2013-03-31,0.02
KMI,2013-03-31,0.02
TDG,2013-03-31,0.02
TDG,2013-03-31,0.02
TDG,2013-03-31,0.02
TDG,2013-03-31,0.02
KMI,2013-03-31,0.02
KMI,2013-03-31,0.02
KMI,2013-03-31,0.02
KMI,2013-03-31,0.02
ABBV,2013-03-31,0.02
ABBV,2013-03-31,0.02
ABBV,2013-03-31,0.02
ABBV,2013-03-31,0.02
NLSN,2013-03-31,0.02
NLSN,2013-03-31,0.02
NLSN,2013-03-31,0.02
NLSN,2013-03-31,0.02
ABBV,2013-03-31,0.02
ABBV,2013-03-31,0.02
ABBV,2013-03-31,0.02
ABBV,2013-03-31,0.02
HCA,2013-03-31,0.02
HCA,2013-03-31,0.02
HCA,2013-03-31,0.02
HCA,2013-03-31,0.02
KMI,2013-03-31,0.02
KMI,2013-03-31,0.02
KMI,2013-03-31,0.02
KMI,2013-03-31,0.02
C,2013-03-31,0.02
C,2013-03-31,0.02
C,2013-03-31,0.02
C,2013-03-31,0.02
KMI,2013-03-31,0.02
KMI,2013-03-31,0.02
KMI,2013-03-31,0.02
KMI,2013-03-31,0.02
DLPH,2013-03-31,0.02
DLPH,2013-03-31,0.02
DLPH,2013-03-31,0.02
DLPH,2013-03-31,0.02
HCA,2013-03-31,0.02
HCA,2013-03-31,0.02
ABBV,2013-04-30,0.02
ABBV,2013-04-30,0.02
ABBV,2013-04-30,0.02
ABBV,2013-04-30,0.02
AEP,2013-04-30,0.02
AEP,2013-04-30,0.02
AEP,2013-04-30,0.02
AEP,2013-04-30,0.02
ABC,2013-04-30,0.02
ABC,2013-04-30,0.02
ABC,2013-04-30,0.02
ABC,2013-04-30,0.02
BA,2013-04-30,0.02
BA,2013-04-30,0.02
BA,2013-04-30,0.02
BA,2013-04-30,0.02
AAPL,2013-04-30,0.02
AAPL,2013-04-30,0.02
AAPL,2013-04-30,0.02
AAPL,2013-04-30,0.02
AEE,2013-04-30,0.02
AEE,2013-04-30,0.02
AEE,2013-04-30,0.02
AEE,2013-04-30,0.02
ABT,2013-04-30,0.02
ABT,2013-04-30,0.02
ABT,2013-04-30,0.02
ABT,2013-04-30,0.02
C,2013-04-30,0.02
C,2013-04-30,0.02
C,2013-04-30,0.02
C,2013-04-30,0.02
ADS,2013-04-30,0.02
ADS,2013-04-30,0.02
ADS,2013-04-30,0.02
ADS,2013-04-30,0.02
ADM,2013-04-30,0.02
ADM,2013-04-30,0.02
ADM,2013-04-30,0.02
ADM,2013-04-30,0.02
BIIB,2013-04-30,0.02
BIIB,2013-04-30,0.02
BIIB,2013-04-30,0.02
BIIB,2013-04-30,0.02
DIS,2013-04-30,0.02
DIS,2013-04-30,0.02
DIS,2013-04-30,0.02
DIS,2013-04-30,0.02
KIM,2013-04-30,0.02
KIM,2013-04-30,0.02
NKE,2013-05-31,0.02
NKE,2013-05-31,0.02
NKE,2013-05-31,0.02
NKE,2013-05-31,0.02
AAL,2013-05-31,0.02
AAL,2013-05-31,0.02
AAL,2013-05-31,0.02
AAL,2013-05-31,0.02
C,2013-05-31,0.02
C,2013-05-31,0.02
C,2013-05-31,0.02
C,2013-05-31,0.02
HD,2013-05-31,0.02
HD,2013-05-31,0.02
HD,2013-05-31,0.02
HD,2013-05-31,0.02
AAPL,2013-05-31,0.02
AAPL,2013-05-31,0.02
AAPL,2013-05-31,0.02
AAPL,2013-05-31,0.02
HBI,2013-05-31,0.02
HBI,2013-05-31,0.02
HBI,2013-05-31,0.02
HBI,2013-05-31,0.02
C,2013-05-31,0.02
C,2013-05-31,0.02
C,2013-05-31,0.02
C,2013-05-31,0.02
C,2013-05-31,0.02
C,2013-05-31,0.02
C,2013-05-31,0.02
C,2013-05-31,0.02
AAP,2013-05-31,0.02
AAP,2013-05-31,0.02
AAP,2013-05-31,0.02
AAP,2013-05-31,0.02
HIG,2013-05-31,0.02
HIG,2013-05-31,0.02
HIG,2013-05-31,0.02
HIG,2013-05-31,0.02
HCA,2013-05-31,0.02
HCA,2013-05-31,0.02
HCA,2013-05-31,0.02
HCA,2013-05-31,0.02
GWW,2013-05-31,0.02
GWW,2013-05-31,0.02
GWW,2013-05-31,0.02
GWW,2013-05-31,0.02
FIS,2013-05-31,0.02
FIS,2013-05-31,0.02
GPS,2013-06-30,0.02
GPS,2013-06-30,0.02
GPS,2013-06-30,0.02
GPS,2013-06-30,0.02
AAPL,2013-06-30,0.02
AAPL,2013-06-30,0.02
AAPL,2013-06-30,0.02
AAPL,2013-06-30,0.02
AAL,2013-06-30,0.02
AAL,2013-06-30,0.02
AAL,2013-06-30,0.02
AAL,2013-06-30,0.02
C,2013-06-30,0.02
C,2013-06-30,0.02
C,2013-06-30,0.02
C,2013-06-30,0.02
STX,2013-06-30,0.02
STX,2013-06-30,0.02
STX,2013-06-30,0.02
STX,2013-06-30,0.02
MU,2013-06-30,0.02
MU,2013-06-30,0.02
MU,2013-06-30,0.02
MU,2013-06-30,0.02
AAP,2013-06-30,0.02
AAP,2013-06-30,0.02
AAP,2013-06-30,0.02
AAP,2013-06-30,0.02
GPC,2013-06-30,0.02
GPC,2013-06-30,0.02
GPC,2013-06-30,0.02
GPC,2013-06-30,0.02
EA,2013-06-30,0.02
EA,2013-06-30,0.02
EA,2013-06-30,0.02
EA,2013-06-30,0.02
HBI,2013-06-30,0.02
HBI,2013-06-30,0.02
HBI,2013-06-30,0.02
HBI,2013-06-30,0.02
ABBV,2013-06-30,0.02
ABBV,2013-06-30,0.02
ABBV,2013-06-30,0.02
ABBV,2013-06-30,0.02
ABC,2013-06-30,0.02
ABC,2013-06-30,0.02
ABC,2013-06-30,0.02
ABC,2013-06-30,0.02
KEY,2013-06-30,0.02
KEY,2013-06-30,0.02
INTU,2013-07-31,0.02
INTU,2013-07-31,0.02
INTU,2013-07-31,0.02
INTU,2013-07-31,0.02
C,2013-07-31,0.02
C,2013-07-31,0.02
C,2013-07-31,0.02
C,2013-07-31,0.02
COTY,2013-07-31,0.02
COTY,2013-07-31,0.02
COTY,2013-07-31,0.02
COTY,2013-07-31,0.02
TSN,2013-07-31,0.02
TSN,2013-07-31,0.02
TSN,2013-07-31,0.02
TSN,2013-07-31,0.02
KEY,2013-07-31,0.02
KEY,2013-07-31,0.02
KEY,2013-07-31,0.02
KEY,2013-07-31,0.02
DAL,2013-07-31,0.02
DAL,2013-07-31,0.02
DAL,2013-07-31,0.02
DAL,2013-07-31,0.02
HD,2013-07-31,0.02
HD,2013-07-31,0.02
HD,2013-07-31,0.02
HD,2013-07-31,0.02
BSX,2013-07-31,0.02
BSX,2013-07-31,0.02
BSX,2013-07-31,0.02
BSX,2013-07-31,0.02
KR,2013-07-31,0.02
KR,2013-07-31,0.02
KR,2013-07-31,0.02
KR,2013-07-31,0.02
BAC,2013-07-31,0.02
BAC,2013-07-31,0.02
BAC,2013-07-31,0.02
BAC,2013-07-31,0.02
TGNA,2013-07-31,0.02
TGNA,2013-07-31,0.02
TGNA,2013-07-31,0.02
TGNA,2013-07-31,0.02
XLNX,2013-07-31,0.02
XLNX,2013-07-31,0.02
XLNX,2013-07-31,0.02
XLNX,2013-07-31,0.02
T,2013-07-31,0.02
T,2013-07-31,0.02
C,2013-08-31,0.02
C,2013-08-31,0.02
C,2013-08-31,0.02
C,2013-08-31,0.02
AAPL,2013-08-31,0.02
AAPL,2013-08-31,0.02
AAPL,2013-08-31,0.02
AAPL,2013-08-31,0.02
COTY,2013-08-31,0.02
COTY,2013-08-31,0.02
COTY,2013-08-31,0.02
COTY,2013-08-31,0.02
UNH,2013-08-31,0.02
UNH,2013-08-31,0.02
UNH,2013-08-31,0.02
UNH,2013-08-31,0.02
AIG,2013-08-31,0.02
AIG,2013-08-31,0.02
AIG,2013-08-31,0.02
AIG,2013-08-31,0.02
VIAB,2013-08-31,0.02
VIAB,2013-08-31,0.02
VIAB,2013-08-31,0.02
VIAB,2013-08-31,0.02
GT,2013-08-31,0.02
GT,2013-08-31,0.02
GT,2013-08-31,0.02
GT,2013-08-31,0.02
UAA,2013-08-31,0.02
UAA,2013-08-31,0.02
UAA,2013-08-31,0.02
UAA,2013-08-31,0.02
BAC,2013-08-31,0.02
BAC,2013-08-31,0.02
BAC,2013-08-31,0.02
BAC,2013-08-31,0.02
HBI,2013-08-31,0.02
HBI,2013-08-31,0.02
HBI,2013-08-31,0.02
HBI,2013-08-31,0.02
ANTM,2013-08-31,0.02
ANTM,2013-08-31,0.02
ANTM,2013-08-31,0.02
ANTM,2013-08-31,0.02
BBY,2013-08-31,0.02
BBY,2013-08-31,0.02
BBY,2013-08-31,0.02
BBY,2013-08-31,0.02
CELG,2013-08-31,0.02
CELG,2013-08-31,0.02
FB,2013-09-30,0.02
FB,2013-09-30,0.02
FB,2013-09-30,0.02
FB,2013-09-30,0.02
FB,2013-09-30,0.02
FB,2013-09-30,0.02
FB,2013-09-30,0.02
FB,2013-09-30,0.02
ROK,2013-09-30,0.02
ROK,2013-09-30,0.02
ROK,2013-09-30,0.02
ROK,2013-09-30,0.02
AAPL,2013-09-30,0.02
AAPL,2013-09-30,0.02
AAPL,2013-09-30,0.02
AAPL,2013-09-30,0.02
V,2013-09-30,0.02
V,2013-09-30,0.02
V,2013-09-30,0.02
V,2013-09-30,0.02
CHK,2013-09-30,0.02
CHK,2013-09-30,0.02
CHK,2013-09-30,0.02
CHK,2013-09-30,0.02
CELG,2013-09-30,0.02
CELG,2013-09-30,0.02
CELG,2013-09-30,0.02
CELG,2013-09-30,0.02
PCLN,2013-09-30,0.02
PCLN,2013-09-30,0.02
PCLN,2013-09-30,0.02
PCLN,2013-09-30,0.02
C,2013-09-30,0.02
C,2013-09-30,0.02
C,2013-09-30,0.02
C,2013-09-30,0.02
SWKS,2013-09-30,0.02
SWKS,2013-09-30,0.02
SWKS,2013-09-30,0.02
SWKS,2013-09-30,0.02
FFIV,2013-09-30,0.02
FFIV,2013-09-30,0.02
FFIV,2013-09-30,0.02
FFIV,2013-09-30,0.02
SBUX,2013-09-30,0.02
SBUX,2013-09-30,0.02
SBUX,2013-09-30,0.02
SBUX,2013-09-30,0.02
CF,2013-09-30,0.02
CF,2013-09-30,0.02
FB,2013-10-31,0.02
FB,2013-10-31,0.02
FB,2013-10-31,0.02
FB,2013-10-31,0.02
UNH,2013-10-31,0.02
UNH,2013-10-31,0.02
UNH,2013-10-31,0.02
UNH,2013-10-31,0.02
AAPL,2013-10-31,0.02
AAPL,2013-10-31,0.02
AAPL,2013-10-31,0.02
AAPL,2013-10-31,0.02
MYL,2013-10-31,0.02
MYL,2013-10-31,0.02
MU,2013-10-31,0.02
MU,2013-10-31,0.02
MU,2013-10-31,0.02
MU,2013-10-31,0.02
UNP,2013-10-31,0.02
UNP,2013-10-31,0.02
UNP,2013-10-31,0.02
UNP,2013-10-31,0.02
PX,2013-10-31,0.02
PX,2013-10-31,0.02
PX,2013-10-31,0.02
PX,2013-10-31,0.02
INTC,2013-10-31,0.02
INTC,2013-10-31,0.02
INTC,2013-10-31,0.02
INTC,2013-10-31,0.02
RCL,2013-10-31,0.02
RCL,2013-10-31,0.02
RCL,2013-10-31,0.02
RCL,2013-10-31,0.02
AAL,2013-10-31,0.02
AAL,2013-10-31,0.02
AAL,2013-10-31,0.02
AAL,2013-10-31,0.02
T,2013-10-31,0.02
T,2013-10-31,0.02
T,2013-10-31,0.02
T,2013-10-31,0.02
C,2013-10-31,0.02
C,2013-10-31,0.02
C,2013-10-31,0.02
C,2013-10-31,0.02
USB,2013-10-31,0.02
USB,2013-10-31,0.02
USB,2013-10-31,0.02
USB,2013-10-31,0.02
AAPL,2013-11-30,0.02
AAPL,2013-11-30,0.02
AAPL,2013-11-30,0.02
AAPL,2013-11-30,0.02
ABC,2013-11-30,0.02
ABC,2013-11-30,0.02
ABC,2013-11-30,0.02
ABC,2013-11-30,0.02
BAC,2013-11-30,0.02
BAC,2013-11-30,0.02
BAC,2013-11-30,0.02
BAC,2013-11-30,0.02
PFG,2013-11-30,0.02
PFG,2013-11-30,0.02
PFG,2013-11-30,0.02
PFG,2013-11-30,0.02
NKE,2013-11-30,0.02
NKE,2013-11-30,0.02
NKE,2013-11-30,0.02
NKE,2013-11-30,0.02
ABT,2013-11-30,0.02
ABT,2013-11-30,0.02
ABT,2013-11-30,0.02
ABT,2013-11-30,0.02
PG,2013-11-30,0.02
PG,2013-11-30,0.02
PG,2013-11-30,0.02
PG,2013-11-30,0.02
ADS,2013-11-30,0.02
ADS,2013-11-30,0.02
ADS,2013-11-30,0.02
ADS,2013-11-30,0.02
DAL,2013-11-30,0.02
DAL,2013-11-30,0.02
DAL,2013-11-30,0.02
DAL,2013-11-30,0.02
PGR,2013-11-30,0.02
PGR,2013-11-30,0.02
PGR,2013-11-30,0.02
PGR,2013-11-30,0.02
NLSN,2013-11-30,0.02
NLSN,2013-11-30,0.02
NLSN,2013-11-30,0.02
NLSN,2013-11-30,0.02
AMP,2013-11-30,0.02
AMP,2013-11-30,0.02
AMP,2013-11-30,0.02
AMP,2013-11-30,0.02
AON,2013-11-30,0.02
AON,2013-11-30,0.02
FB,2013-12-31,0.02
FB,2013-12-31,0.02
FB,2013-12-31,0.02
FB,2013-12-31,0.02
MA,2013-12-31,0.02
MA,2013-12-31,0.02
MA,2013-12-31,0.02
MA,2013-12-31,0.02
AAPL,2013-12-31,0.02
AAPL,2013-12-31,0.02
AAPL,2013-12-31,0.02
AAPL,2013-12-31,0.02
AAPL,2013-12-31,0.02
AAPL,2013-12-31,0.02
AAPL,2013-12-31,0.02
AAPL,2013-12-31,0.02
AAPL,2013-12-31,0.02
AAPL,2013-12-31,0.02
AAPL,2013-12-31,0.02
AAPL,2013-12-31,0.02
MO,2013-12-31,0.02
MO,2013-12-31,0.02
MO,2013-12-31,0.02
MO,2013-12-31,0.02
AAPL,2013-12-31,0.02
AAPL,2013-12-31,0.02
AAPL,2013-12-31,0.02
AAPL,2013-12-31,0.02
AAPL,2013-12-31,0.02
AAPL,2013-12-31,0.02
AAPL,2013-12-31,0.02
AAPL,2013-12-31,0.02
FAST,2013-12-31,0.02
FAST,2013-12-31,0.02
FAST,2013-12-31,0.02
FAST,2013-12-31,0.02
FB,2013-12-31,0.02
FB,2013-12-31,0.02
FB,2013-12-31,0.02
FB,2013-12-31,0.02
CMG,2013-12-31,0.02
CMG,2013-12-31,0.02
CMG,2013-12-31,0.02
CMG,2013-12-31,0.02
MNST,2013-12-31,0.02
MNST,2013-12-31,0.02
MNST,2013-12-31,0.02
MNST,2013-12-31,0.02
MPC,2013-12-31,0.02
MPC,2013-12-31,0.02
FB,2014-01-31,0.02
FB,2014-01-31,0.02
FB,2014-01-31,0.02
FB,2014-01-31,0.02
LVLT,2014-01-31,0.02
LVLT,2014-01-31,0.02
LVLT,2014-01-31,0.02
LVLT,2014-01-31,0.02
AAPL,2014-01-31,0.02
AAPL,2014-01-31,0.02
AAPL,2014-01-31,0.02
AAPL,2014-01-31,0.02
LOW,2014-01-31,0.02
LOW,2014-01-31,0.02
LOW,2014-01-31,0.02
LOW,2014-01-31,0.02
LUV,2014-01-31,0.02
LUV,2014-01-31,0.02
LUV,2014-01-31,0.02
LUV,2014-01-31,0.02
AAL,2014-01-31,0.02
AAL,2014-01-31,0.02
AAL,2014-01-31,0.02
AAL,2014-01-31,0.02
LLY,2014-01-31,0.02
LLY,2014-01-31,0.02
LLY,2014-01-31,0.02
LLY,2014-01-31,0.02
ILMN,2014-01-31,0.02
ILMN,2014-01-31,0.02
ILMN,2014-01-31,0.02
ILMN,2014-01-31,0.02
BAC,2014-01-31,0.02
BAC,2014-01-31,0.02
BAC,2014-01-31,0.02
BAC,2014-01-31,0.02
HAR,2014-01-31,0.02
HAR,2014-01-31,0.02
HAR,2014-01-31,0.02
HAR,2014-01-31,0.02
GPN,2014-01-31,0.02
GPN,2014-01-31,0.02
GPN,2014-01-31,0.02
GPN,2014-01-31,0.02
M,2014-01-31,0.02
M,2014-01-31,0.02
M,2014-01-31,0.02
M,2014-01-31,0.02
LYB,2014-01-31,0.02
LYB,2014-01-31,0.02
AAL,2014-02-28,0.02
AAL,2014-02-28,0.02
AAL,2014-02-28,0.02
AAL,2014-02-28,0.02
STZ,2014-02-28,0.02
STZ,2014-02-28,0.02
STZ,2014-02-28,0.02
STZ,2014-02-28,0.02
FB,2014-02-28,0.02
FB,2014-02-28,0.02
FB,2014-02-28,0.02
FB,2014-02-28,0.02
AAPL,2014-02-28,0.02
AAPL,2014-02-28,0.02
AAPL,2014-02-28,0.02
AAPL,2014-02-28,0.02
BAC,2014-02-28,0.02
BAC,2014-02-28,0.02
BAC,2014-02-28,0.02
BAC,2014-02-28,0.02
EBAY,2014-02-28,0.02
EBAY,2014-02-28,0.02
EBAY,2014-02-28,0.02
EBAY,2014-02-28,0.02
LVLT,2014-02-28,0.02
LVLT,2014-02-28,0.02
LVLT,2014-02-28,0.02
LVLT,2014-02-28,0.02
AVGO,2014-02-28,0.02
AVGO,2014-02-28,0.02
TSN,2014-02-28,0.02
TSN,2014-02-28,0.02
TSN,2014-02-28,0.02
TSN,2014-02-28,0.02
MU,2014-02-28,0.02
MU,2014-02-28,0.02
MU,2014-02-28,0.02
MU,2014-02-28,0.02
LUV,2014-02-28,0.02
LUV,2014-02-28,0.02
LUV,2014-02-28,0.02
LUV,2014-02-28,0.02
LLY,2014-02-28,0.02
LLY,2014-02-28,0.02
LLY,2014-02-28,0.02
LLY,2014-02-28,0.02
AYI,2014-02-28,0.02
AYI,2014-02-28,0.02
AYI,2014-02-28,0.02
AYI,2014-02-28,0.02
LVLT,2014-03-31,0.02
LVLT,2014-03-31,0.02
LVLT,2014-03-31,0.02
LVLT,2014-03-31,0.02
TSN,2014-03-31,0.02
TSN,2014-03-31,0.02
TSN,2014-03-31,0.02
TSN,2014-03-31,0.02
LUV,2014-03-31,0.02
LUV,2014-03-31,0.02
LUV,2014-03-31,0.02
LUV,2014-03-31,0.02
UAA,2014-03-31,0.02
UAA,2014-03-31,0.02
UAA,2014-03-31,0.02
UAA,2014-03-31,0.02
BAC,2014-03-31,0.02
BAC,2014-03-31,0.02
BAC,2014-03-31,0.02
BAC,2014-03-31,0.02
HP,2014-03-31,0.02
HP,2014-03-31,0.02
HP,2014-03-31,0.02
HP,2014-03-31,0.02
M,2014-03-31,0.02
M,2014-03-31,0.02
M,2014-03-31,0.02
M,2014-03-31,0.02
LLY,2014-03-31,0.02
LLY,2014-03-31,0.02
LLY,2014-03-31,0.02
LLY,2014-03-31,0.02
MO,2014-03-31,0.02
MO,2014-03-31,0.02
MO,2014-03-31,0.02
MO,2014-03-31,0.02
KEY,2014-03-31,0.02
KEY,2014-03-31,0.02
KEY,2014-03-31,0.02
KEY,2014-03-31,0.02
STZ,2014-03-31,0.02
STZ,2014-03-31,0.02
STZ,2014-03-31,0.02
STZ,2014-03-31,0.02
T,2014-03-31,0.02
T,2014-03-31,0.02
T,2014-03-31,0.02
T,2014-03-31,0.02
HAR,2014-03-31,0.02
HAR,2014-03-31,0.02
AAPL,2014-04-30,0.02
AAPL,2014-04-30,0.02
AAPL,2014-04-30,0.02
AAPL,2014-04-30,0.02
AAL,2014-04-30,0.02
AAL,2014-04-30,0.02
AAL,2014-04-30,0.02
AAL,2014-04-30,0.02
ABT,2014-04-30,0.02
ABT,2014-04-30,0.02
ABT,2014-04-30,0.02
ABT,2014-04-30,0.02
HRL,2014-04-30,0.02
HRL,2014-04-30,0.02
HRL,2014-04-30,0.02
HRL,2014-04-30,0.02
HP,2014-04-30,0.02
HP,2014-04-30,0.02
HP,2014-04-30,0.02
HP,2014-04-30,0.02
MO,2014-04-30,0.02
MO,2014-04-30,0.02
MO,2014-04-30,0.02
MO,2014-04-30,0.02
INTC,2014-04-30,0.02
INTC,2014-04-30,0.02
INTC,2014-04-30,0.02
INTC,2014-04-30,0.02
HD,2014-04-30,0.02
HD,2014-04-30,0.02
HD,2014-04-30,0.02
HD,2014-04-30,0.02
T,2014-04-30,0.02
T,2014-04-30,0.02
T,2014-04-30,0.02
T,2014-04-30,0.02
ABBV,2014-04-30,0.02
ABBV,2014-04-30,0.02
ABBV,2014-04-30,0.02
ABBV,2014-04-30,0.02
SWKS,2014-04-30,0.02
SWKS,2014-04-30,0.02
SWKS,2014-04-30,0.02
SWKS,2014-04-30,0.02
EIX,2014-04-30,0.02
EIX,2014-04-30,0.02
EIX,2014-04-30,0.02
EIX,2014-04-30,0.02
ABC,2014-04-30,0.02
ABC,2014-04-30,0.02
AAPL,2014-05-31,0.02
AAPL,2014-05-31,0.02
AAPL,2014-05-31,0.02
AAPL,2014-05-31,0.02
AAPL,2014-05-31,0.02
AAPL,2014-05-31,0.02
AAPL,2014-05-31,0.02
AAPL,2014-05-31,0.02
AAPL,2014-05-31,0.02
AAPL,2014-05-31,0.02
AAPL,2014-05-31,0.02
AAPL,2014-05-31,0.02
AAPL,2014-05-31,0.02
AAPL,2014-05-31,0.02
AAPL,2014-05-31,0.02
AAPL,2014-05-31,0.02
AAPL,2014-05-31,0.02
AAPL,2014-05-31,0.02
AAPL,2014-05-31,0.02
AAPL,2014-05-31,0.02
AAPL,2014-05-31,0.02
AAPL,2014-05-31,0.02
AAPL,2014-05-31,0.02
AAPL,2014-05-31,0.02
AAPL,2014-05-31,0.02
AAPL,2014-05-31,0.02
AAPL,2014-05-31,0.02
AAPL,2014-05-31,0.02
AAPL,2014-05-31,0.02
AAPL,2014-05-31,0.02
AAPL,2014-05-31,0.02
AAPL,2014-05-31,0.02
AAPL,2014-05-31,0.02
AAPL,2014-05-31,0.02
AAPL,2014-05-31,0.02
AAPL,2014-05-31,0.02
AAPL,2014-05-31,0.02
AAPL,2014-05-31,0.02
AAPL,2014-05-31,0.02
AAPL,2014-05-31,0.02
MO,2014-05-31,0.02
MO,2014-05-31,0.02
MO,2014-05-31,0.02
MO,2014-05-31,0.02
AAPL,2014-05-31,0.02
AAPL,2014-05-31,0.02
AAPL,2014-05-31,0.02
AAPL,2014-05-31,0.02
AAPL,2014-05-31,0.02
AAPL,2014-05-31,0.02
FB,2014-06-30,0.02
FB,2014-06-30,0.02
FB,2014-06-30,0.02
FB,2014-06-30,0.02
EL,2014-06-30,0.02
EL,2014-06-30,0.02
EL,2014-06-30,0.02
EL,2014-06-30,0.02
HRS,2014-06-30,0.02
HRS,2014-06-30,0.02
HRS,2014-06-30,0.02
HRS,2014-06-30,0.02
MO,2014-06-30,0.02
MO,2014-06-30,0.02
MO,2014-06-30,0.02
MO,2014-06-30,0.02
LVLT,2014-06-30,0.02
LVLT,2014-06-30,0.02
LVLT,2014-06-30,0.02
LVLT,2014-06-30,0.02
INTC,2014-06-30,0.02
INTC,2014-06-30,0.02
INTC,2014-06-30,0.02
INTC,2014-06-30,0.02
INTC,2014-06-30,0.02
INTC,2014-06-30,0.02
INTC,2014-06-30,0.02
INTC,2014-06-30,0.02
LLY,2014-06-30,0.02
LLY,2014-06-30,0.02
LLY,2014-06-30,0.02
LLY,2014-06-30,0.02
NFX,2014-06-30,0.02
NFX,2014-06-30,0.02
NFX,2014-06-30,0.02
NFX,2014-06-30,0.02
LUV,2014-06-30,0.02
LUV,2014-06-30,0.02
LUV,2014-06-30,0.02
LUV,2014-06-30,0.02
C,2014-06-30,0.02
C,2014-06-30,0.02
C,2014-06-30,0.02
C,2014-06-30,0.02
DAL,2014-06-30,0.02
DAL,2014-06-30,0.02
DAL,2014-06-30,0.02
DAL,2014-06-30,0.02
CLX,2014-06-30,0.02
CLX,2014-06-30,0.02
INTU,2014-07-31,0.02
INTU,2014-07-31,0.02
INTU,2014-07-31,0.02
INTU,2014-07-31,0.02
AAL,2014-07-31,0.02
AAL,2014-07-31,0.02
AAL,2014-07-31,0.02
AAL,2014-07-31,0.02
INTC,2014-07-31,0.02
INTC,2014-07-31,0.02
INTC,2014-07-31,0.02
INTC,2014-07-31,0.02
FB,2014-07-31,0.02
FB,2014-07-31,0.02
FB,2014-07-31,0.02
FB,2014-07-31,0.02
DLR,2014-07-31,0.02
DLR,2014-07-31,0.02
DLR,2014-07-31,0.02
DLR,2014-07-31,0.02
LVLT,2014-07-31,0.02
LVLT,2014-07-31,0.02
LVLT,2014-07-31,0.02
LVLT,2014-07-31,0.02
ABC,2014-07-31,0.02
ABC,2014-07-31,0.02
ABC,2014-07-31,0.02
ABC,2014-07-31,0.02
FB,2014-07-31,0.02
FB,2014-07-31,0.02
FB,2014-07-31,0.02
FB,2014-07-31,0.02
WMB,2014-07-31,0.02
WMB,2014-07-31,0.02
WMB,2014-07-31,0.02
WMB,2014-07-31,0.02
ABT,2014-07-31,0.02
ABT,2014-07-31,0.02
ABT,2014-07-31,0.02
ABT,2014-07-31,0.02
MO,2014-07-31,0.02
MO,2014-07-31,0.02
MO,2014-07-31,0.02
MO,2014-07-31,0.02
MU,2014-07-31,0.02
MU,2014-07-31,0.02
MU,2014-07-31,0.02
MU,2014-07-31,0.02
AAP,2014-07-31,0.02
AAP,2014-07-31,0.02
INTC,2014-08-31,0.02
INTC,2014-08-31,0.02
INTC,2014-08-31,0.02
INTC,2014-08-31,0.02
MO,2014-08-31,0.02
MO,2014-08-31,0.02
MO,2014-08-31,0.02
MO,2014-08-31,0.02
T,2014-08-31,0.02
T,2014-08-31,0.02
T,2014-08-31,0.02
T,2014-08-31,0.02
FB,2014-08-31,0.02
FB,2014-08-31,0.02
FB,2014-08-31,0.02
FB,2014-08-31,0.02
MRO,2014-08-31,0.02
MRO,2014-08-31,0.02
MRO,2014-08-31,0.02
MRO,2014-08-31,0.02
AIG,2014-08-31,0.02
AIG,2014-08-31,0.02
AIG,2014-08-31,0.02
AIG,2014-08-31,0.02
DIS,2014-08-31,0.02
DIS,2014-08-31,0.02
DIS,2014-08-31,0.02
DIS,2014-08-31,0.02
SYY,2014-08-31,0.02
SYY,2014-08-31,0.02
SYY,2014-08-31,0.02
SYY,2014-08-31,0.02
SYMC,2014-08-31,0.02
SYMC,2014-08-31,0.02
SYMC,2014-08-31,0.02
SYMC,2014-08-31,0.02
TAP,2014-08-31,0.02
TAP,2014-08-31,0.02
TAP,2014-08-31,0.02
TAP,2014-08-31,0.02
COO,2014-08-31,0.02
COO,2014-08-31,0.02
COO,2014-08-31,0.02
COO,2014-08-31,0.02
SPG,2014-08-31,0.02
SPG,2014-08-31,0.02
SPG,2014-08-31,0.02
SPG,2014-08-31,0.02
SNA,2014-08-31,0.02
SNA,2014-08-31,0.02
INTC,2014-09-30,0.02
INTC,2014-09-30,0.02
INTC,2014-09-30,0.02
INTC,2014-09-30,0.02
INTC,2014-09-30,0.02
INTC,2014-09-30,0.02
INTC,2014-09-30,0.02
INTC,2014-09-30,0.02
FB,2014-09-30,0.02
FB,2014-09-30,0.02
FB,2014-09-30,0.02
FB,2014-09-30,0.02
LLY,2014-09-30,0.02
LLY,2014-09-30,0.02
LLY,2014-09-30,0.02
LLY,2014-09-30,0.02
FB,2014-09-30,0.02
FB,2014-09-30,0.02
FB,2014-09-30,0.02
FB,2014-09-30,0.02
CVS,2014-09-30,0.02
CVS,2014-09-30,0.02
CVS,2014-09-30,0.02
CVS,2014-09-30,0.02
T,2014-09-30,0.02
T,2014-09-30,0.02
T,2014-09-30,0.02
T,2014-09-30,0.02
RSG,2014-09-30,0.02
RSG,2014-09-30,0.02
RSG,2014-09-30,0.02
RSG,2014-09-30,0.02
V,2014-09-30,0.02
V,2014-09-30,0.02
V,2014-09-30,0.02
V,2014-09-30,0.02
CTXS,2014-09-30,0.02
CTXS,2014-09-30,0.02
CTXS,2014-09-30,0.02
CTXS,2014-09-30,0.02
MO,2014-09-30,0.02
MO,2014-09-30,0.02
MO,2014-09-30,0.02
MO,2014-09-30,0.02
SBUX,2014-09-30,0.02
SBUX,2014-09-30,0.02
SBUX,2014-09-30,0.02
SBUX,2014-09-30,0.02
MO,2014-09-30,0.02
MO,2014-09-30,0.02
BAC,2014-10-31,0.02
BAC,2014-10-31,0.02
BAC,2014-10-31,0.02
BAC,2014-10-31,0.02
FB,2014-10-31,0.02
FB,2014-10-31,0.02
FB,2014-10-31,0.02
FB,2014-10-31,0.02
FB,2014-10-31,0.02
FB,2014-10-31,0.02
FB,2014-10-31,0.02
FB,2014-10-31,0.02
DE,2014-10-31,0.02
DE,2014-10-31,0.02
DE,2014-10-31,0.02
DE,2014-10-31,0.02
COO,2014-10-31,0.02
COO,2014-10-31,0.02
COO,2014-10-31,0.02
COO,2014-10-31,0.02
MO,2014-10-31,0.02
MO,2014-10-31,0.02
MO,2014-10-31,0.02
MO,2014-10-31,0.02
INTC,2014-10-31,0.02
INTC,2014-10-31,0.02
INTC,2014-10-31,0.02
INTC,2014-10-31,0.02
C,2014-10-31,0.02
C,2014-10-31,0.02
C,2014-10-31,0.02
C,2014-10-31,0.02
T,2014-10-31,0.02
T,2014-10-31,0.02
T,2014-10-31,0.02
T,2014-10-31,0.02
BAC,2014-10-31,0.02
BAC,2014-10-31,0.02
BAC,2014-10-31,0.02
BAC,2014-10-31,0.02
C,2014-10-31,0.02
C,2014-10-31,0.02
C,2014-10-31,0.02
C,2014-10-31,0.02
AAPL,2014-10-31,0.02
AAPL,2014-10-31,0.02
AAPL,2014-10-31,0.02
AAPL,2014-10-31,0.02
LLY,2014-10-31,0.02
LLY,2014-10-31,0.02
AAPL,2014-11-30,0.02
AAPL,2014-11-30,0.02
AAPL,2014-11-30,0.02
AAPL,2014-11-30,0.02
MO,2014-11-30,0.02
MO,2014-11-30,0.02
MO,2014-11-30,0.02
MO,2014-11-30,0.02
KR,2014-11-30,0.02
KR,2014-11-30,0.02
KR,2014-11-30,0.02
KR,2014-11-30,0.02
INTC,2014-11-30,0.02
INTC,2014-11-30,0.02
INTC,2014-11-30,0.02
INTC,2014-11-30,0.02
FB,2014-11-30,0.02
FB,2014-11-30,0.02
FB,2014-11-30,0.02
FB,2014-11-30,0.02
BAC,2014-11-30,0.02
BAC,2014-11-30,0.02
BAC,2014-11-30,0.02
BAC,2014-11-30,0.02
C,2014-11-30,0.02
C,2014-11-30,0.02
C,2014-11-30,0.02
C,2014-11-30,0.02
T,2014-11-30,0.02
T,2014-11-30,0.02
T,2014-11-30,0.02
T,2014-11-30,0.02
TRV,2014-11-30,0.02
TRV,2014-11-30,0.02
TRV,2014-11-30,0.02
TRV,2014-11-30,0.02
KO,2014-11-30,0.02
KO,2014-11-30,0.02
KO,2014-11-30,0.02
KO,2014-11-30,0.02
DLTR,2014-11-30,0.02
DLTR,2014-11-30,0.02
DLTR,2014-11-30,0.02
DLTR,2014-11-30,0.02
ABBV,2014-11-30,0.02
ABBV,2014-11-30,0.02
ABBV,2014-11-30,0.02
ABBV,2014-11-30,0.02
ULTA,2014-11-30,0.02
ULTA,2014-11-30,0.02
AAPL,2014-12-31,0.02
AAPL,2014-12-31,0.02
AAPL,2014-12-31,0.02
AAPL,2014-12-31,0.02
BAC,2014-12-31,0.02
BAC,2014-12-31,0.02
BAC,2014-12-31,0.02
BAC,2014-12-31,0.02
FB,2014-12-31,0.02
FB,2014-12-31,0.02
FB,2014-12-31,0.02
FB,2014-12-31,0.02
KR,2014-12-31,0.02
KR,2014-12-31,0.02
KR,2014-12-31,0.02
KR,2014-12-31,0.02
INTC,2014-12-31,0.02
INTC,2014-12-31,0.02
INTC,2014-12-31,0.02
INTC,2014-12-31,0.02
GPC,2014-12-31,0.02
GPC,2014-12-31,0.02
GPC,2014-12-31,0.02
GPC,2014-12-31,0.02
HD,2014-12-31,0.02
HD,2014-12-31,0.02
HD,2014-12-31,0.02
HD,2014-12-31,0.02
GGP,2014-12-31,0.02
GGP,2014-12-31,0.02
GGP,2014-12-31,0.02
GGP,2014-12-31,0.02
WFM,2014-12-31,0.02
WFM,2014-12-31,0.02
WFM,2014-12-31,0.02
WFM,2014-12-31,0.02
ALL,2014-12-31,0.02
ALL,2014-12-31,0.02
ALL,2014-12-31,0.02
ALL,2014-12-31,0.02
PG,2014-12-31,0.02
PG,2014-12-31,0.02
PG,2014-12-31,0.02
PG,2014-12-31,0.02
RHI,2014-12-31,0.02
RHI,2014-12-31,0.02
RHI,2014-12-31,0.02
RHI,2014-12-31,0.02
WEC,2014-12-31,0.02
WEC,2014-12-31,0.02
DG,2015-01-31,0.02
DG,2015-01-31,0.02
DG,2015-01-31,0.02
DG,2015-01-31,0.02
AAPL,2015-01-31,0.02
AAPL,2015-01-31,0.02
AAPL,2015-01-31,0.02
AAPL,2015-01-31,0.02
AAPL,2015-01-31,0.02
AAPL,2015-01-31,0.02
AAPL,2015-01-31,0.02
AAPL,2015-01-31,0.02
AAPL,2015-01-31,0.02
AAPL,2015-01-31,0.02
AAPL,2015-01-31,0.02
AAPL,2015-01-31,0.02
KR,2015-01-31,0.02
KR,2015-01-31,0.02
KR,2015-01-31,0.02
KR,2015-01-31,0.02
FB,2015-01-31,0.02
FB,2015-01-31,0.02
FB,2015-01-31,0.02
FB,2015-01-31,0.02
AAPL,2015-01-31,0.02
AAPL,2015-01-31,0.02
AAPL,2015-01-31,0.02
AAPL,2015-01-31,0.02
FB,2015-01-31,0.02
FB,2015-01-31,0.02
FB,2015-01-31,0.02
FB,2015-01-31,0.02
AAPL,2015-01-31,0.02
AAPL,2015-01-31,0.02
AAPL,2015-01-31,0.02
AAPL,2015-01-31,0.02
FB,2015-01-31,0.02
FB,2015-01-31,0.02
FB,2015-01-31,0.02
FB,2015-01-31,0.02
MO,2015-01-31,0.02
MO,2015-01-31,0.02
MO,2015-01-31,0.02
MO,2015-01-31,0.02
AAPL,2015-01-31,0.02
AAPL,2015-01-31,0.02
AAPL,2015-01-31,0.02
AAPL,2015-01-31,0.02
MO,2015-01-31,0.02
MO,2015-01-31,0.02
KR,2015-02-28,0.02
KR,2015-02-28,0.02
KR,2015-02-28,0.02
KR,2015-02-28,0.02
MO,2015-02-28,0.02
MO,2015-02-28,0.02
MO,2015-02-28,0.02
MO,2015-02-28,0.02
FB,2015-02-28,0.02
FB,2015-02-28,0.02
FB,2015-02-28,0.02
FB,2015-02-28,0.02
CVS,2015-02-28,0.02
CVS,2015-02-28,0.02
CVS,2015-02-28,0.02
CVS,2015-02-28,0.02
WFM,2015-02-28,0.02
WFM,2015-02-28,0.02
WFM,2015-02-28,0.02
WFM,2015-02-28,0.02
GGP,2015-02-28,0.02
GGP,2015-02-28,0.02
GGP,2015-02-28,0.02
GGP,2015-02-28,0.02
KO,2015-02-28,0.02
KO,2015-02-28,0.02
KO,2015-02-28,0.02
KO,2015-02-28,0.02
LVLT,2015-02-28,0.02
LVLT,2015-02-28,0.02
LVLT,2015-02-28,0.02
LVLT,2015-02-28,0.02
CNC,2015-02-28,0.02
CNC,2015-02-28,0.02
CNC,2015-02-28,0.02
CNC,2015-02-28,0.02
SHW,2015-02-28,0.02
SHW,2015-02-28,0.02
SHW,2015-02-28,0.02
SHW,2015-02-28,0.02
LLY,2015-02-28,0.02
LLY,2015-02-28,0.02
LLY,2015-02-28,0.02
LLY,2015-02-28,0.02
DIS,2015-02-28,0.02
DIS,2015-02-28,0.02
DIS,2015-02-28,0.02
DIS,2015-02-28,0.02
T,2015-02-28,0.02
T,2015-02-28,0.02
AAPL,2015-03-31,0.02
AAPL,2015-03-31,0.02
AAPL,2015-03-31,0.02
AAPL,2015-03-31,0.02
AAL,2015-03-31,0.02
AAL,2015-03-31,0.02
AAL,2015-03-31,0.02
AAL,2015-03-31,0.02
FB,2015-03-31,0.02
FB,2015-03-31,0.02
FB,2015-03-31,0.02
FB,2015-03-31,0.02
EA,2015-03-31,0.02
EA,2015-03-31,0.02
EA,2015-03-31,0.02
EA,2015-03-31,0.02
ABC,2015-03-31,0.02
ABC,2015-03-31,0.02
ABC,2015-03-31,0.02
ABC,2015-03-31,0.02
PKI,2015-03-31,0.02
PKI,2015-03-31,0.02
PKI,2015-03-31,0.02
PKI,2015-03-31,0.02
KR,2015-03-31,0.02
KR,2015-03-31,0.02
KR,2015-03-31,0.02
KR,2015-03-31,0.02
PHM,2015-03-31,0.02
PHM,2015-03-31,0.02
PHM,2015-03-31,0.02
PHM,2015-03-31,0.02
CI,2015-03-31,0.02
CI,2015-03-31,0.02
CI,2015-03-31,0.02
CI,2015-03-31,0.02
PGR,2015-03-31,0.02
PGR,2015-03-31,0.02
PGR,2015-03-31,0.02
PGR,2015-03-31,0.02
KSS,2015-03-31,0.02
KSS,2015-03-31,0.02
KSS,2015-03-31,0.02
KSS,2015-03-31,0.02
PEP,2015-03-31,0.02
PEP,2015-03-31,0.02
PEP,2015-03-31,0.02
PEP,2015-03-31,0.02
PDCO,2015-03-31,0.02
PDCO,2015-03-31,0.02
AAPL,2015-04-30,0.02
AAPL,2015-04-30,0.02
AAPL,2015-04-30,0.02
AAPL,2015-04-30,0.02
ABC,2015-04-30,0.02
ABC,2015-04-30,0.02
ABC,2015-04-30,0.02
ABC,2015-04-30,0.02
HAR,2015-04-30,0.02
HAR,2015-04-30,0.02
HAR,2015-04-30,0.02
HAR,2015-04-30,0.02
CI,2015-04-30,0.02
CI,2015-04-30,0.02
CI,2015-04-30,0.02
CI,2015-04-30,0.02
FB,2015-04-30,0.02
FB,2015-04-30,0.02
FB,2015-04-30,0.02
FB,2015-04-30,0.02
ATVI,2015-04-30,0.02
ATVI,2015-04-30,0.02
ATVI,2015-04-30,0.02
ATVI,2015-04-30,0.02
ABT,2015-04-30,0.02
ABT,2015-04-30,0.02
ABT,2015-04-30,0.02
ABT,2015-04-30,0.02
EA,2015-04-30,0.02
EA,2015-04-30,0.02
EA,2015-04-30,0.02
EA,2015-04-30,0.02
EBAY,2015-04-30,0.02
EBAY,2015-04-30,0.02
EBAY,2015-04-30,0.02
EBAY,2015-04-30,0.02
DIS,2015-04-30,0.02
DIS,2015-04-30,0.02
DIS,2015-04-30,0.02
DIS,2015-04-30,0.02
AMZN,2015-04-30,0.02
AMZN,2015-04-30,0.02
AMZN,2015-04-30,0.02
AMZN,2015-04-30,0.02
PKI,2015-04-30,0.02
PKI,2015-04-30,0.02
PKI,2015-04-30,0.02
PKI,2015-04-30,0.02
KR,2015-04-30,0.02
KR,2015-04-30,0.02
AAPL,2015-05-31,0.02
AAPL,2015-05-31,0.02
AAPL,2015-05-31,0.02
AAPL,2015-05-31,0.02
AAPL,2015-05-31,0.02
AAPL,2015-05-31,0.02
AAPL,2015-05-31,0.02
AAPL,2015-05-31,0.02
AAPL,2015-05-31,0.02
AAPL,2015-05-31,0.02
AAPL,2015-05-31,0.02
AAPL,2015-05-31,0.02
AAPL,2015-05-31,0.02
AAPL,2015-05-31,0.02
AAPL,2015-05-31,0.02
AAPL,2015-05-31,0.02
AAPL,2015-05-31,0.02
AAPL,2015-05-31,0.02
AAPL,2015-05-31,0.02
AAPL,2015-05-31,0.02
AAPL,2015-05-31,0.02
AAPL,2015-05-31,0.02
AAPL,2015-05-31,0.02
AAPL,2015-05-31,0.02
AAPL,2015-05-31,0.02
AAPL,2015-05-31,0.02
AAPL,2015-05-31,0.02
AAPL,2015-05-31,0.02
AAPL,2015-05-31,0.02
AAPL,2015-05-31,0.02
AAPL,2015-05-31,0.02
AAPL,2015-05-31,0.02
AAPL,2015-05-31,0.02
AAPL,2015-05-31,0.02
AAPL,2015-05-31,0.02
AAPL,2015-05-31,0.02
FB,2015-05-31,0.02
FB,2015-05-31,0.02
FB,2015-05-31,0.02
FB,2015-05-31,0.02
AAPL,2015-05-31,0.02
AAPL,2015-05-31,0.02
AAPL,2015-05-31,0.02
AAPL,2015-05-31,0.02
FB,2015-05-31,0.02
FB,2015-05-31,0.02
FB,2015-05-31,0.02
FB,2015-05-31,0.02
AAPL,2015-05-31,0.02
AAPL,2015-05-31,0.02
AAPL,2015-06-30,0.02
AAPL,2015-06-30,0.02
AAPL,2015-06-30,0.02
AAPL,2015-06-30,0.02
NFLX,2015-06-30,0.02
NFLX,2015-06-30,0.02
NFLX,2015-06-30,0.02
NFLX,2015-06-30,0.02
FB,2015-06-30,0.02
FB,2015-06-30,0.02
FB,2015-06-30,0.02
FB,2015-06-30,0.02
CLX,2015-06-30,0.02
CLX,2015-06-30,0.02
CLX,2015-06-30,0.02
CLX,2015-06-30,0.02
AAPL,2015-06-30,0.02
AAPL,2015-06-30,0.02
AAPL,2015-06-30,0.02
AAPL,2015-06-30,0.02
AAPL,2015-06-30,0.02
AAPL,2015-06-30,0.02
AAPL,2015-06-30,0.02
AAPL,2015-06-30,0.02
AAPL,2015-06-30,0.02
AAPL,2015-06-30,0.02
AAPL,2015-06-30,0.02
AAPL,2015-06-30,0.02
AAPL,2015-06-30,0.02
AAPL,2015-06-30,0.02
AAPL,2015-06-30,0.02
AAPL,2015-06-30,0.02
C,2015-06-30,0.02
C,2015-06-30,0.02
C,2015-06-30,0.02
C,2015-06-30,0.02
AAPL,2015-06-30,0.02
AAPL,2015-06-30,0.02
AAPL,2015-06-30,0.02
AAPL,2015-06-30,0.02
FB,2015-06-30,0.02
FB,2015-06-30,0.02
FB,2015-06-30,0.02
FB,2015-06-30,0.02
EL,2015-06-30,0.02
EL,2015-06-30,0.02
EL,2015-06-30,0.02
EL,2015-06-30,0.02
BAC,2015-06-30,0.02
BAC,2015-06-30,0.02
FB,2015-07-31,0.02
FB,2015-07-31,0.02
FB,2015-07-31,0.02
FB,2015-07-31,0.02
BAC,2015-07-31,0.02
BAC,2015-07-31,0.02
BAC,2015-07-31,0.02
BAC,2015-07-31,0.02
AAPL,2015-07-31,0.02
AAPL,2015-07-31,0.02
AAPL,2015-07-31,0.02
AAPL,2015-07-31,0.02
C,2015-07-31,0.02
C,2015-07-31,0.02
C,2015-07-31,0.02
C,2015-07-31,0.02
AIG,2015-07-31,0.02
AIG,2015-07-31,0.02
AIG,2015-07-31,0.02
AIG,2015-07-31,0.02
MO,2015-07-31,0.02
MO,2015-07-31,0.02
MO,2015-07-31,0.02
MO,2015-07-31,0.02
T,2015-07-31,0.02
T,2015-07-31,0.02
T,2015-07-31,0.02
T,2015-07-31,0.02
FL,2015-07-31,0.02
FL,2015-07-31,0.02
FL,2015-07-31,0.02
FL,2015-07-31,0.02
MDLZ,2015-07-31,0.02
MDLZ,2015-07-31,0.02
MDLZ,2015-07-31,0.02
MDLZ,2015-07-31,0.02
TSN,2015-07-31,0.02
TSN,2015-07-31,0.02
TSN,2015-07-31,0.02
TSN,2015-07-31,0.02
UAA,2015-07-31,0.02
UAA,2015-07-31,0.02
UAA,2015-07-31,0.02
UAA,2015-07-31,0.02
TMK,2015-07-31,0.02
TMK,2015-07-31,0.02
TMK,2015-07-31,0.02
TMK,2015-07-31,0.02
PGR,2015-07-31,0.02
PGR,2015-07-31,0.02
AYI,2015-08-31,0.02
AYI,2015-08-31,0.02
AYI,2015-08-31,0.02
AYI,2015-08-31,0.02
AAPL,2015-08-31,0.02
AAPL,2015-08-31,0.02
AAPL,2015-08-31,0.02
AAPL,2015-08-31,0.02
FB,2015-08-31,0.02
FB,2015-08-31,0.02
FB,2015-08-31,0.02
FB,2015-08-31,0.02
T,2015-08-31,0.02
T,2015-08-31,0.02
T,2015-08-31,0.02
T,2015-08-31,0.02
MO,2015-08-31,0.02
MO,2015-08-31,0.02
MO,2015-08-31,0.02
MO,2015-08-31,0.02
FB,2015-08-31,0.02
FB,2015-08-31,0.02
FB,2015-08-31,0.02
FB,2015-08-31,0.02
AAP,2015-08-31,0.02
AAP,2015-08-31,0.02
AAP,2015-08-31,0.02
AAP,2015-08-31,0.02
FB,2015-08-31,0.02
FB,2015-08-31,0.02
FB,2015-08-31,0.02
FB,2015-08-31,0.02
FB,2015-08-31,0.02
FB,2015-08-31,0.02
FB,2015-08-31,0.02
FB,2015-08-31,0.02
HIG,2015-08-31,0.02
HIG,2015-08-31,0.02
HIG,2015-08-31,0.02
HIG,2015-08-31,0.02
CME,2015-08-31,0.02
CME,2015-08-31,0.02
CME,2015-08-31,0.02
CME,2015-08-31,0.02
C,2015-08-31,0.02
C,2015-08-31,0.02
C,2015-08-31,0.02
C,2015-08-31,0.02
FB,2015-08-31,0.02
FB,2015-08-31,0.02
FB,2015-09-30,0.02
FB,2015-09-30,0.02
FB,2015-09-30,0.02
FB,2015-09-30,0.02
T,2015-09-30,0.02
T,2015-09-30,0.02
T,2015-09-30,0.02
T,2015-09-30,0.02
LLY,2015-09-30,0.02
LLY,2015-09-30,0.02
LLY,2015-09-30,0.02
LLY,2015-09-30,0.02
UAA,2015-09-30,0.02
UAA,2015-09-30,0.02
UAA,2015-09-30,0.02
UAA,2015-09-30,0.02
MO,2015-09-30,0.02
MO,2015-09-30,0.02
MO,2015-09-30,0.02
MO,2015-09-30,0.02
FB,2015-09-30,0.02
FB,2015-09-30,0.02
FB,2015-09-30,0.02
FB,2015-09-30,0.02
CMG,2015-09-30,0.02
CMG,2015-09-30,0.02
CMG,2015-09-30,0.02
CMG,2015-09-30,0.02
T,2015-09-30,0.02
T,2015-09-30,0.02
T,2015-09-30,0.02
T,2015-09-30,0.02
KO,2015-09-30,0.02
KO,2015-09-30,0.02
KO,2015-09-30,0.02
KO,2015-09-30,0.02
KO,2015-09-30,0.02
KO,2015-09-30,0.02
KO,2015-09-30,0.02
KO,2015-09-30,0.02
UAA,2015-09-30,0.02
UAA,2015-09-30,0.02
UAA,2015-09-30,0.02
UAA,2015-09-30,0.02
LKQ,2015-09-30,0.02
LKQ,2015-09-30,0.02
LKQ,2015-09-30,0.02
LKQ,2015-09-30,0.02
STZ,2015-09-30,0.02
STZ,2015-09-30,0.02
FB,2015-10-31,0.02
FB,2015-10-31,0.02
FB,2015-10-31,0.02
FB,2015-10-31,0.02
SWKS,2015-10-31,0.02
SWKS,2015-10-31,0.02
SWKS,2015-10-31,0.02
SWKS,2015-10-31,0.02
MO,2015-10-31,0.02
MO,2015-10-31,0.02
MO,2015-10-31,0.02
MO,2015-10-31,0.02
ATVI,2015-10-31,0.02
ATVI,2015-10-31,0.02
ATVI,2015-10-31,0.02
ATVI,2015-10-31,0.02
FB,2015-10-31,0.02
FB,2015-10-31,0.02
FB,2015-10-31,0.02
FB,2015-10-31,0.02
FB,2015-10-31,0.02
FB,2015-10-31,0.02
FB,2015-10-31,0.02
FB,2015-10-31,0.02
FB,2015-10-31,0.02
FB,2015-10-31,0.02
FB,2015-10-31,0.02
FB,2015-10-31,0.02
MDLZ,2015-10-31,0.02
MDLZ,2015-10-31,0.02
MDLZ,2015-10-31,0.02
MDLZ,2015-10-31,0.02
T,2015-10-31,0.02
T,2015-10-31,0.02
T,2015-10-31,0.02
T,2015-10-31,0.02
KO,2015-10-31,0.02
KO,2015-10-31,0.02
KO,2015-10-31,0.02
KO,2015-10-31,0.02
FB,2015-10-31,0.02
FB,2015-10-31,0.02
FB,2015-10-31,0.02
FB,2015-10-31,0.02
C,2015-10-31,0.02
C,2015-10-31,0.02
C,2015-10-31,0.02
C,2015-10-31,0.02
UAA,2015-10-31,0.02
UAA,2015-10-31,0.02
FB,2015-11-30,0.02
FB,2015-11-30,0.02
FB,2015-11-30,0.02
FB,2015-11-30,0.02
MO,2015-11-30,0.02
MO,2015-11-30,0.02
MO,2015-11-30,0.02
MO,2015-11-30,0.02
INTC,2015-11-30,0.02
INTC,2015-11-30,0.02
INTC,2015-11-30,0.02
INTC,2015-11-30,0.02
TAP,2015-11-30,0.02
TAP,2015-11-30,0.02
TAP,2015-11-30,0.02
TAP,2015-11-30,0.02
FISV,2015-11-30,0.02
FISV,2015-11-30,0.02
FISV,2015-11-30,0.02
FISV,2015-11-30,0.02
IPG,2015-11-30,0.02
IPG,2015-11-30,0.02
IPG,2015-11-30,0.02
IPG,2015-11-30,0.02
AAPL,2015-11-30,0.02
AAPL,2015-11-30,0.02
AAPL,2015-11-30,0.02
AAPL,2015-11-30,0.02
LUV,2015-11-30,0.02
LUV,2015-11-30,0.02
LUV,2015-11-30,0.02
LUV,2015-11-30,0.02
NKE,2015-11-30,0.02
NKE,2015-11-30,0.02
NKE,2015-11-30,0.02
NKE,2015-11-30,0.02
AMZN,2015-11-30,0.02
AMZN,2015-11-30,0.02
AMZN,2015-11-30,0.02
FBHS,2015-11-30,0.02
FBHS,2015-11-30,0.02
FBHS,2015-11-30,0.02
FBHS,2015-11-30,0.02
PSX,2015-11-30,0.02
PSX,2015-11-30,0.02
PSX,2015-11-30,0.02
PSX,2015-11-30,0.02
KMB,2015-11-30,0.02
KMB,2015-11-30,0.02
KMB,2015-11-30,0.02
FB,2015-12-31,0.02
FB,2015-12-31,0.02
FB,2015-12-31,0.02
FB,2015-12-31,0.02
OMC,2015-12-31,0.02
OMC,2015-12-31,0.02
OMC,2015-12-31,0.02
OMC,2015-12-31,0.02
MO,2015-12-31,0.02
MO,2015-12-31,0.02
MO,2015-12-31,0.02
MO,2015-12-31,0.02
ORLY,2015-12-31,0.02
ORLY,2015-12-31,0.02
ORLY,2015-12-31,0.02
ORLY,2015-12-31,0.02
ATVI,2015-12-31,0.02
ATVI,2015-12-31,0.02
ATVI,2015-12-31,0.02
ATVI,2015-12-31,0.02
DAL,2015-12-31,0.02
DAL,2015-12-31,0.02
DAL,2015-12-31,0.02
DAL,2015-12-31,0.02
TXN,2015-12-31,0.02
TXN,2015-12-31,0.02
TXN,2015-12-31,0.02
TXN,2015-12-31,0.02
SPGI,2015-12-31,0.02
SPGI,2015-12-31,0.02
SPGI,2015-12-31,0.02
SPGI,2015-12-31,0.02
SPG,2015-12-31,0.02
SPG,2015-12-31,0.02
SPG,2015-12-31,0.02
SPG,2015-12-31,0.02
SLG,2015-12-31,0.02
SLG,2015-12-31,0.02
SLG,2015-12-31,0.02
SLG,2015-12-31,0.02
MCD,2015-12-31,0.02
MCD,2015-12-31,0.02
MCD,2015-12-31,0.02
MCD,2015-12-31,0.02
SO,2015-12-31,0.02
SO,2015-12-31,0.02
SO,2015-12-31,0.02
SO,2015-12-31,0.02
XEL,2015-12-31,0.02
XEL,2015-12-31,0.02
DG,2016-01-31,0.02
DG,2016-01-31,0.02
DG,2016-01-31,0.02
DG,2016-01-31,0.02
FB,2016-01-31,0.02
FB,2016-01-31,0.02
FB,2016-01-31,0.02
FB,2016-01-31,0.02
T,2016-01-31,0.02
T,2016-01-31,0.02
T,2016-01-31,0.02
T,2016-01-31,0.02
MO,2016-01-31,0.02
MO,2016-01-31,0.02
MO,2016-01-31,0.02
MO,2016-01-31,0.02
MCD,2016-01-31,0.02
MCD,2016-01-31,0.02
MCD,2016-01-31,0.02
MCD,2016-01-31,0.02
KO,2016-01-31,0.02
KO,2016-01-31,0.02
KO,2016-01-31,0.02
KO,2016-01-31,0.02
TSN,2016-01-31,0.02
TSN,2016-01-31,0.02
TSN,2016-01-31,0.02
TSN,2016-01-31,0.02
HRL,2016-01-31,0.02
HRL,2016-01-31,0.02
HRL,2016-01-31,0.02
HRL,2016-01-31,0.02
HD,2016-01-31,0.02
HD,2016-01-31,0.02
HD,2016-01-31,0.02
HD,2016-01-31,0.02
CSRA,2016-01-31,0.02
CSRA,2016-01-31,0.02
KR,2016-01-31,0.02
KR,2016-01-31,0.02
KR,2016-01-31,0.02
KR,2016-01-31,0.02
SO,2016-01-31,0.02
SO,2016-01-31,0.02
SO,2016-01-31,0.02
SO,2016-01-31,0.02
TAP,2016-01-31,0.02
TAP,2016-01-31,0.02
TAP,2016-01-31,0.02
TAP,2016-01-31,0.02
AAPL,2016-02-29,0.02
AAPL,2016-02-29,0.02
AAPL,2016-02-29,0.02
AAPL,2016-02-29,0.02
AAL,2016-02-29,0.02
AAL,2016-02-29,0.02
AAL,2016-02-29,0.02
AAL,2016-02-29,0.02
WLTW,2016-02-29,0.02
WLTW,2016-02-29,0.02
WLTW,2016-02-29,0.02
WLTW,2016-02-29,0.02
CMS,2016-02-29,0.02
CMS,2016-02-29,0.02
CMS,2016-02-29,0.02
CMS,2016-02-29,0.02
CHD,2016-02-29,0.02
CHD,2016-02-29,0.02
CHD,2016-02-29,0.02
CHD,2016-02-29,0.02
AWK,2016-02-29,0.02
AWK,2016-02-29,0.02
AWK,2016-02-29,0.02
AWK,2016-02-29,0.02
AEP,2016-02-29,0.02
AEP,2016-02-29,0.02
AEP,2016-02-29,0.02
AEP,2016-02-29,0.02
CINF,2016-02-29,0.02
CINF,2016-02-29,0.02
CINF,2016-02-29,0.02
CINF,2016-02-29,0.02
AON,2016-02-29,0.02
AON,2016-02-29,0.02
AON,2016-02-29,0.02
AON,2016-02-29,0.02
CNP,2016-02-29,0.02
CNP,2016-02-29,0.02
CNP,2016-02-29,0.02
CNP,2016-02-29,0.02
AEE,2016-02-29,0.02
AEE,2016-02-29,0.02
AEE,2016-02-29,0.02
AEE,2016-02-29,0.02
CLX,2016-02-29,0.02
CLX,2016-02-29,0.02
CLX,2016-02-29,0.02
CLX,2016-02-29,0.02
CHRW,2016-02-29,0.02
CHRW,2016-02-29,0.02
EA,2016-03-31,0.02
AAL,2016-03-31,0.02
AAP,2016-03-31,0.02
AAPL,2016-03-31,0.02
ABBV,2016-03-31,0.02
ABC,2016-03-31,0.02
ABT,2016-03-31,0.02
ADBE,2016-03-31,0.02
ADI,2016-03-31,0.02
ADM,2016-03-31,0.02
ADS,2016-03-31,0.02
ADSK,2016-03-31,0.02
AEE,2016-03-31,0.02
AEP,2016-03-31,0.02
AFL,2016-03-31,0.02
AIG,2016-03-31,0.02
AIV,2016-03-31,0.02
AIZ,2016-03-31,0.02
AJG,2016-03-31,0.02
AKAM,2016-03-31,0.02
ALB,2016-03-31,0.02
ALK,2016-03-31,0.02
ALL,2016-03-31,0.02
ALLE,2016-03-31,0.02
ALXN,2016-03-31,0.02
AMAT,2016-03-31,0.02
AME,2016-03-31,0.02
AMG,2016-03-31,0.02
AMGN,2016-03-31,0.02
AMP,2016-03-31,0.02
AMT,2016-03-31,0.02
AMZN,2016-03-31,0.02
AN,2016-03-31,0.02
ANTM,2016-03-31,0.02
AON,2016-03-31,0.02
APA,2016-03-31,0.02
APC,2016-03-31,0.02
APD,2016-03-31,0.02
APH,2016-03-31,0.02
ARNC,2016-03-31,0.02
ATVI,2016-03-31,0.02
AVB,2016-03-31,0.02
AVGO,2016-03-31,0.02
AVY,2016-03-31,0.02
AWK,2016-03-31,0.02
AXP,2016-03-31,0.02
AYI,2016-03-31,0.02
AZO,2016-03-31,0.02
BA,2016-03-31,0.02
BAC,2016-03-31,0.02
SYMC,2016-04-30,0.02
AAL,2016-04-30,0.02
AAP,2016-04-30,0.02
AAPL,2016-04-30,0.02
ABBV,2016-04-30,0.02
ABC,2016-04-30,0.02
ABT,2016-04-30,0.02
ADBE,2016-04-30,0.02
ADI,2016-04-30,0.02
ADM,2016-04-30,0.02
ADS,2016-04-30,0.02
ADSK,2016-04-30,0.02
AEE,2016-04-30,0.02
AEP,2016-04-30,0.02
AFL,2016-04-30,0.02
AIG,2016-04-30,0.02
AIV,2016-04-30,0.02
AIZ,2016-04-30,0.02
AJG,2016-04-30,0.02
AKAM,2016-04-30,0.02
ALB,2016-04-30,0.02
ALK,2016-04-30,0.02
ALL,2016-04-30,0.02
ALLE,2016-04-30,0.02
ALXN,2016-04-30,0.02
AMAT,2016-04-30,0.02
AME,2016-04-30,0.02
AMG,2016-04-30,0.02
AMGN,2016-04-30,0.02
AMP,2016-04-30,0.02
AMT,2016-04-30,0.02
AMZN,2016-04-30,0.02
AN,2016-04-30,0.02
ANTM,2016-04-30,0.02
AON,2016-04-30,0.02
APA,2016-04-30,0.02
APC,2016-04-30,0.02
APD,2016-04-30,0.02
APH,2016-04-30,0.02
ARNC,2016-04-30,0.02
ATVI,2016-04-30,0.02
AVB,2016-04-30,0.02
AVGO,2016-04-30,0.02
AVY,2016-04-30,0.02
AWK,2016-04-30,0.02
AXP,2016-04-30,0.02
AYI,2016-04-30,0.02
AZO,2016-04-30,0.02
BA,2016-04-30,0.02
BAC,2016-04-30,0.02
NKE,2016-05-31,0.02
PAYX,2016-05-31,0.02
CTAS,2016-05-31,0.02
AAL,2016-05-31,0.02
AAP,2016-05-31,0.02
AAPL,2016-05-31,0.02
ABBV,2016-05-31,0.02
ABC,2016-05-31,0.02
ABT,2016-05-31,0.02
ADBE,2016-05-31,0.02
ADI,2016-05-31,0.02
ADM,2016-05-31,0.02
ADS,2016-05-31,0.02
ADSK,2016-05-31,0.02
AEE,2016-05-31,0.02
AEP,2016-05-31,0.02
AFL,2016-05-31,0.02
AIG,2016-05-31,0.02
AIV,2016-05-31,0.02
AIZ,2016-05-31,0.02
AJG,2016-05-31,0.02
AKAM,2016-05-31,0.02
ALB,2016-05-31,0.02
ALK,2016-05-31,0.02
ALL,2016-05-31,0.02
ALLE,2016-05-31,0.02
ALXN,2016-05-31,0.02
AMAT,2016-05-31,0.02
AME,2016-05-31,0.02
AMG,2016-05-31,0.02
AMGN,2016-05-31,0.02
AMP,2016-05-31,0.02
AMT,2016-05-31,0.02
AMZN,2016-05-31,0.02
AN,2016-05-31,0.02
ANTM,2016-05-31,0.02
AON,2016-05-31,0.02
APA,2016-05-31,0.02
APC,2016-05-31,0.02
APD,2016-05-31,0.02
APH,2016-05-31,0.02
ARNC,2016-05-31,0.02
ATVI,2016-05-31,0.02
AVB,2016-05-31,0.02
AVGO,2016-05-31,0.02
AVY,2016-05-31,0.02
AWK,2016-05-31,0.02
AXP,2016-05-31,0.02
AYI,2016-05-31,0.02
AZO,2016-05-31,0.02
CLX,2016-06-30,0.02
KLAC,2016-06-30,0.02
EL,2016-06-30,0.02
HAR,2016-06-30,0.02
AAL,2016-06-30,0.02
AAP,2016-06-30,0.02
AAPL,2016-06-30,0.02
ABBV,2016-06-30,0.02
ABC,2016-06-30,0.02
ABT,2016-06-30,0.02
ADBE,2016-06-30,0.02
ADI,2016-06-30,0.02
ADM,2016-06-30,0.02
ADS,2016-06-30,0.02
ADSK,2016-06-30,0.02
AEE,2016-06-30,0.02
AEP,2016-06-30,0.02
AFL,2016-06-30,0.02
AIG,2016-06-30,0.02
AIV,2016-06-30,0.02
AIZ,2016-06-30,0.02
AJG,2016-06-30,0.02
AKAM,2016-06-30,0.02
ALB,2016-06-30,0.02
ALK,2016-06-30,0.02
ALL,2016-06-30,0.02
ALLE,2016-06-30,0.02
ALXN,2016-06-30,0.02
AMAT,2016-06-30,0.02
AME,2016-06-30,0.02
AMG,2016-06-30,0.02
AMGN,2016-06-30,0.02
AMP,2016-06-30,0.02
AMT,2016-06-30,0.02
AMZN,2016-06-30,0.02
AN,2016-06-30,0.02
ANTM,2016-06-30,0.02
AON,2016-06-30,0.02
APA,2016-06-30,0.02
APC,2016-06-30,0.02
APD,2016-06-30,0.02
APH,2016-06-30,0.02
ARNC,2016-06-30,0.02
ATVI,2016-06-30,0.02
AVB,2016-06-30,0.02
AVGO,2016-06-30,0.02
AVY,2016-06-30,0.02
AWK,2016-06-30,0.02
AXP,2016-06-30,0.02
AYI,2016-06-30,0.02
HRS,2016-07-31,0.02
STX,2016-07-31,0.02
AAL,2016-07-31,0.02
AAP,2016-07-31,0.02
AAPL,2016-07-31,0.02
ABBV,2016-07-31,0.02
ABC,2016-07-31,0.02
ABT,2016-07-31,0.02
ADBE,2016-07-31,0.02
ADI,2016-07-31,0.02
ADM,2016-07-31,0.02
ADS,2016-07-31,0.02
ADSK,2016-07-31,0.02
AEE,2016-07-31,0.02
AEP,2016-07-31,0.02
AFL,2016-07-31,0.02
AIG,2016-07-31,0.02
AIV,2016-07-31,0.02
AIZ,2016-07-31,0.02
AJG,2016-07-31,0.02
AKAM,2016-07-31,0.02
ALB,2016-07-31,0.02
ALK,2016-07-31,0.02
ALL,2016-07-31,0.02
ALLE,2016-07-31,0.02
ALXN,2016-07-31,0.02
AMAT,2016-07-31,0.02
AME,2016-07-31,0.02
AMG,2016-07-31,0.02
AMGN,2016-07-31,0.02
AMP,2016-07-31,0.02
AMT,2016-07-31,0.02
AMZN,2016-07-31,0.02
AN,2016-07-31,0.02
ANTM,2016-07-31,0.02
AON,2016-07-31,0.02
APA,2016-07-31,0.02
APC,2016-07-31,0.02
APD,2016-07-31,0.02
APH,2016-07-31,0.02
ARNC,2016-07-31,0.02
ATVI,2016-07-31,0.02
AVB,2016-07-31,0.02
AVGO,2016-07-31,0.02
AVY,2016-07-31,0.02
AWK,2016-07-31,0.02
AXP,2016-07-31,0.02
AYI,2016-07-31,0.02
AZO,2016-07-31,0.02
BA,2016-07-31,0.02
AYI,2016-08-31,0.02
AAL,2016-08-31,0.02
AAP,2016-08-31,0.02
AAPL,2016-08-31,0.02
ABBV,2016-08-31,0.02
ABC,2016-08-31,0.02
ABT,2016-08-31,0.02
ADBE,2016-08-31,0.02
ADI,2016-08-31,0.02
ADM,2016-08-31,0.02
ADS,2016-08-31,0.02
ADSK,2016-08-31,0.02
AEE,2016-08-31,0.02
AEP,2016-08-31,0.02
AFL,2016-08-31,0.02
AIG,2016-08-31,0.02
AIV,2016-08-31,0.02
AIZ,2016-08-31,0.02
AJG,2016-08-31,0.02
AKAM,2016-08-31,0.02
ALB,2016-08-31,0.02
ALK,2016-08-31,0.02
ALL,2016-08-31,0.02
ALLE,2016-08-31,0.02
ALXN,2016-08-31,0.02
AMAT,2016-08-31,0.02
AME,2016-08-31,0.02
AMG,2016-08-31,0.02
AMGN,2016-08-31,0.02
AMP,2016-08-31,0.02
AMT,2016-08-31,0.02
AMZN,2016-08-31,0.02
AN,2016-08-31,0.02
ANTM,2016-08-31,0.02
AON,2016-08-31,0.02
APA,2016-08-31,0.02
APC,2016-08-31,0.02
APD,2016-08-31,0.02
APH,2016-08-31,0.02
ARNC,2016-08-31,0.02
ATVI,2016-08-31,0.02
AVB,2016-08-31,0.02
AVGO,2016-08-31,0.02
AVY,2016-08-31,0.02
AWK,2016-08-31,0.02
AXP,2016-08-31,0.02
AZO,2016-08-31,0.02
BA,2016-08-31,0.02
BAC,2016-08-31,0.02
BAX,2016-08-31,0.02
SWKS,2016-09-30,0.02
AAL,2016-09-30,0.02
AAP,2016-09-30,0.02
AAPL,2016-09-30,0.02
ABBV,2016-09-30,0.02
ABC,2016-09-30,0.02
ABT,2016-09-30,0.02
ADBE,2016-09-30,0.02
ADI,2016-09-30,0.02
ADM,2016-09-30,0.02
ADS,2016-09-30,0.02
ADSK,2016-09-30,0.02
AEE,2016-09-30,0.02
AEP,2016-09-30,0.02
AFL,2016-09-30,0.02
AIG,2016-09-30,0.02
AIV,2016-09-30,0.02
AIZ,2016-09-30,0.02
AJG,2016-09-30,0.02
AKAM,2016-09-30,0.02
ALB,2016-09-30,0.02
ALK,2016-09-30,0.02
ALL,2016-09-30,0.02
ALLE,2016-09-30,0.02
ALXN,2016-09-30,0.02
AMAT,2016-09-30,0.02
AME,2016-09-30,0.02
AMG,2016-09-30,0.02
AMGN,2016-09-30,0.02
AMP,2016-09-30,0.02
AMT,2016-09-30,0.02
AMZN,2016-09-30,0.02
AN,2016-09-30,0.02
ANTM,2016-09-30,0.02
AON,2016-09-30,0.02
APA,2016-09-30,0.02
APC,2016-09-30,0.02
APD,2016-09-30,0.02
APH,2016-09-30,0.02
ARNC,2016-09-30,0.02
ATVI,2016-09-30,0.02
AVB,2016-09-30,0.02
AVGO,2016-09-30,0.02
AVY,2016-09-30,0.02
AWK,2016-09-30,0.02
AXP,2016-09-30,0.02
AYI,2016-09-30,0.02
AZO,2016-09-30,0.02
BA,2016-09-30,0.02
BAC,2016-09-30,0.02
HPQ,2016-10-31,0.02
AAL,2016-10-31,0.02
AAP,2016-10-31,0.02
AAPL,2016-10-31,0.02
ABBV,2016-10-31,0.02
ABC,2016-10-31,0.02
ABT,2016-10-31,0.02
ADBE,2016-10-31,0.02
ADI,2016-10-31,0.02
ADM,2016-10-31,0.02
ADS,2016-10-31,0.02
ADSK,2016-10-31,0.02
AEE,2016-10-31,0.02
AEP,2016-10-31,0.02
AFL,2016-10-31,0.02
AIG,2016-10-31,0.02
AIV,2016-10-31,0.02
AIZ,2016-10-31,0.02
AJG,2016-10-31,0.02
AKAM,2016-10-31,0.02
ALB,2016-10-31,0.02
ALK,2016-10-31,0.02
ALL,2016-10-31,0.02
ALLE,2016-10-31,0.02
ALXN,2016-10-31,0.02
AMAT,2016-10-31,0.02
AME,2016-10-31,0.02
AMG,2016-10-31,0.02
AMGN,2016-10-31,0.02
AMP,2016-10-31,0.02
AMT,2016-10-31,0.02
AMZN,2016-10-31,0.02
AN,2016-10-31,0.02
ANTM,2016-10-31,0.02
AON,2016-10-31,0.02
APA,2016-10-31,0.02
APC,2016-10-31,0.02
APD,2016-10-31,0.02
APH,2016-10-31,0.02
ARNC,2016-10-31,0.02
ATVI,2016-10-31,0.02
AVB,2016-10-31,0.02
AVGO,2016-10-31,0.02
AVY,2016-10-31,0.02
AWK,2016-10-31,0.02
AXP,2016-10-31,0.02
AYI,2016-10-31,0.02
AZO,2016-10-31,0.02
BA,2016-10-31,0.02
BAC,2016-10-31,0.02
MKC,2016-11-30,0.02
AAL,2016-11-30,0.02
AAP,2016-11-30,0.02
AAPL,2016-11-30,0.02
ABBV,2016-11-30,0.02
ABC,2016-11-30,0.02
ABT,2016-11-30,0.02
ADBE,2016-11-30,0.02
ADI,2016-11-30,0.02
ADM,2016-11-30,0.02
ADS,2016-11-30,0.02
ADSK,2016-11-30,0.02
AEE,2016-11-30,0.02
AEP,2016-11-30,0.02
AFL,2016-11-30,0.02
AIG,2016-11-30,0.02
AIV,2016-11-30,0.02
AIZ,2016-11-30,0.02
AJG,2016-11-30,0.02
AKAM,2016-11-30,0.02
ALB,2016-11-30,0.02
ALK,2016-11-30,0.02
ALL,2016-11-30,0.02
ALLE,2016-11-30,0.02
ALXN,2016-11-30,0.02
AMAT,2016-11-30,0.02
AME,2016-11-30,0.02
AMG,2016-11-30,0.02
AMGN,2016-11-30,0.02
AMP,2016-11-30,0.02
AMT,2016-11-30,0.02
AMZN,2016-11-30,0.02
AN,2016-11-30,0.02
ANTM,2016-11-30,0.02
AON,2016-11-30,0.02
APA,2016-11-30,0.02
APC,2016-11-30,0.02
APD,2016-11-30,0.02
APH,2016-11-30,0.02
ARNC,2016-11-30,0.02
ATVI,2016-11-30,0.02
AVB,2016-11-30,0.02
AVGO,2016-11-30,0.02
AVY,2016-11-30,0.02
AWK,2016-11-30,0.02
AXP,2016-11-30,0.02
AYI,2016-11-30,0.02
AZO,2016-11-30,0.02
BA,2016-11-30,0.02
BAC,2016-11-30,0.02
AAL,2016-12-31,0.02
AAL,2016-12-31,0.02
AAP,2016-12-31,0.02
AAP,2016-12-31,0.02
AAPL,2016-12-31,0.02
AAPL,2016-12-31,0.02
ABBV,2016-12-31,0.02
ABBV,2016-12-31,0.02
ABC,2016-12-31,0.02
ABC,2016-12-31,0.02
ABT,2016-12-31,0.02
ABT,2016-12-31,0.02
ADBE,2016-12-31,0.02
ADI,2016-12-31,0.02
ADI,2016-12-31,0.02
ADM,2016-12-31,0.02
ADM,2016-12-31,0.02
ADS,2016-12-31,0.02
ADS,2016-12-31,0.02
ADSK,2016-12-31,0.02
ADSK,2016-12-31,0.02
AEE,2016-12-31,0.02
AEE,2016-12-31,0.02
AEP,2016-12-31,0.02
AEP,2016-12-31,0.02
AFL,2016-12-31,0.02
AFL,2016-12-31,0.02
AIG,2016-12-31,0.02
AIG,2016-12-31,0.02
AIV,2016-12-31,0.02
AIV,2016-12-31,0.02
AIZ,2016-12-31,0.02
AIZ,2016-12-31,0.02
AJG,2016-12-31,0.02
AJG,2016-12-31,0.02
AKAM,2016-12-31,0.02
AKAM,2016-12-31,0.02
ALB,2016-12-31,0.02
ALB,2016-12-31,0.02
ALK,2016-12-31,0.02
ALK,2016-12-31,0.02
ALL,2016-12-31,0.02
ALL,2016-12-31,0.02
ALLE,2016-12-31,0.02
ALLE,2016-12-31,0.02
ALXN,2016-12-31,0.02
ALXN,2016-12-31,0.02
AMAT,2016-12-31,0.02
AMAT,2016-12-31,0.02
AME,2016-12-31,0.02
AAL,2017-01-31,0.02
AAP,2017-01-31,0.02
AAPL,2017-01-31,0.02
ABBV,2017-01-31,0.02
ABC,2017-01-31,0.02
ABT,2017-01-31,0.02
ADBE,2017-01-31,0.02
ADI,2017-01-31,0.02
ADM,2017-01-31,0.02
ADS,2017-01-31,0.02
ADSK,2017-01-31,0.02
AEE,2017-01-31,0.02
AEP,2017-01-31,0.02
AFL,2017-01-31,0.02
AIG,2017-01-31,0.02
AIV,2017-01-31,0.02
AIZ,2017-01-31,0.02
AJG,2017-01-31,0.02
AKAM,2017-01-31,0.02
ALB,2017-01-31,0.02
ALK,2017-01-31,0.02
ALL,2017-01-31,0.02
ALLE,2017-01-31,0.02
ALXN,2017-01-31,0.02
AMAT,2017-01-31,0.02
AME,2017-01-31,0.02
AMG,2017-01-31,0.02
AMGN,2017-01-31,0.02
AMP,2017-01-31,0.02
AMT,2017-01-31,0.02
AMZN,2017-01-31,0.02
AN,2017-01-31,0.02
ANTM,2017-01-31,0.02
AON,2017-01-31,0.02
APA,2017-01-31,0.02
APC,2017-01-31,0.02
APD,2017-01-31,0.02
APH,2017-01-31,0.02
ARNC,2017-01-31,0.02
ATVI,2017-01-31,0.02
AVB,2017-01-31,0.02
AVGO,2017-01-31,0.02
AVY,2017-01-31,0.02
AWK,2017-01-31,0.02
AXP,2017-01-31,0.02
AYI,2017-01-31,0.02
AZO,2017-01-31,0.02
BA,2017-01-31,0.02
BAC,2017-01-31,0.02
BAX,2017-01-31,0.02
