symbol,date,quality_score
AAL,2012-12-31,0.40238727612818054
AAL,2013-12-31,0.371551638622531
AAL,2014-12-31,0.6117158680054706
AAL,2015-12-31,0.7221544441936143
AAP,2012-12-29,0.340477089541161
AAP,2013-12-28,0.2357641299024312
AAP,2015-01-03,0.4057284122712282
AAP,2016-01-02,0.26724241755477157
AAPL,2013-09-28,0.9999999845617061
AAPL,2014-09-27,0.7499999787806229
AAPL,2015-09-26,0.7499999775332968
AAPL,2016-09-24,0.7499999619390493
ABBV,2012-12-31,0.5493831069879715
ABBV,2013-12-31,0.5517038641914288
ABBV,2014-12-31,0.5740860981355281
ABBV,2015-12-31,0.7300688795076793
ABC,2013-09-30,0.22413989685498237
ABC,2014-09-30,0.2940148765403724
ABC,2015-09-30,0.1744869548151068
ABC,2016-09-30,0.08372049576191729
ABT,2012-12-31,0.378397761008267
ABT,2013-12-31,0.5076111008480787
ABT,2014-12-31,0.5080917128760233
ABT,2015-12-31,0.7286633445218909
ADBE,2013-11-29,0.3333333333333333
ADBE,2014-11-28,0.25
ADBE,2015-11-27,0.25
ADBE,2016-12-02,0.25
ADI,2013-11-02,0.3333333333333333
ADI,2014-11-01,0.25
ADI,2015-10-31,0.770851416741578
ADI,2016-10-29,0.25
ADM,2012-12-31,0.4134915743409446
ADM,2013-12-31,0.4754816474935937
ADM,2014-12-31,0.4488385178838535
ADM,2015-12-31,0.7108455941099332
ADS,2012-12-31,0.452000846068959
ADS,2013-12-31,0.49567452215540153
ADS,2014-12-31,0.48592609877683
ADS,2015-12-31,0.7456982851016112
ADSK,2013-01-31,0.2600812113474106
ADSK,2014-01-31,0.3591479210595177
ADSK,2015-01-31,0.21015817653547653
ADSK,2016-01-31,0.11948352649839655
AEE,2012-12-31,0.44631762307388173
AEE,2013-12-31,0.4799579719734174
AEE,2014-12-31,0.5034792816355218
AEE,2015-12-31,0.7400980444586773
AEP,2012-12-31,0.4246894931148204
AEP,2013-12-31,0.46703233349686757
AEP,2014-12-31,0.502999992763424
AEP,2015-12-31,0.7390693038973786
AFL,2012-12-31,0.4058308630795538
AFL,2013-12-31,0.4619931401202876
AFL,2014-12-31,0.481987718719001
AFL,2015-12-31,0.7286631136340318
AIG,2012-12-31,0.3807496379254034
AIG,2013-12-31,0.44558063115678803
AIG,2014-12-31,0.4705859525599844
AIG,2015-12-31,0.7197262234213793
AIV,2012-12-31,0.401167021559089
AIV,2013-12-31,0.46354038867826597
AIV,2014-12-31,0.4749148817806367
AIV,2015-12-31,0.7297101811328942
AIZ,2013-12-31,0.4184616635028537
AIZ,2014-12-31,0.48040329447785085
AIZ,2015-12-31,0.7225950966989263
AIZ,2016-12-31,0.40075693108900573
AJG,2013-12-31,0.4313285686089629
AJG,2014-12-31,0.47181011964649266
AJG,2015-12-31,0.7280683911800283
AJG,2016-12-31,0.4353032281813414
AKAM,2012-12-31,0.6927242270094154
AKAM,2013-12-31,0.6184224322950416
AKAM,2014-12-31,0.5659226954442319
AKAM,2015-12-31,0.7883981366644313
ALB,2012-12-31,0.4990476656851621
ALB,2013-12-31,0.5333628355632711
ALB,2014-12-31,0.45094556494638627
ALB,2015-12-31,0.72348793966724
ALK,2012-12-31,0.4681039950609482
ALK,2013-12-31,0.5419974755718779
ALK,2014-12-31,0.5790615936167232
ALK,2015-12-31,0.7954212399779497
ALL,2012-12-31,0.3997303701192383
ALL,2013-12-31,0.46116301251794733
ALL,2014-12-31,0.4968988942972058
ALL,2015-12-31,0.7320881368679798
ALLE,2013-12-31,0.5069745896045809
ALLE,2014-12-31,0.5845463138638676
ALLE,2015-12-31,0.769337673930538
ALLE,2016-12-31,0.5858350129378253
ALXN,2013-12-31,0.5797613776408349
ALXN,2014-12-31,0.6849899977093765
ALXN,2015-12-31,0.700542220572429
ALXN,2016-12-31,0.4778352195987588
AMAT,2013-10-27,7.88044097754792e-08
AMAT,2014-10-26,0.2500000769518613
AMAT,2015-10-25,0.25
AMAT,2016-10-30,0.5810469364131288
AME,2012-12-31,0.5284505573950623
AME,2013-12-31,0.5303732857804211
AME,2014-12-31,0.5733302834022711
AME,2015-12-31,0.7740794047071092
AMG,2012-12-31,0.4320550222190376
AMG,2013-12-31,0.500087068315937
AMG,2014-12-31,0.5231428936966218
AMG,2015-12-31,0.7592666696089745
AMGN,2013-12-31,0.4722046271406039
AMGN,2014-12-31,0.5174320713955469
AMGN,2015-12-31,0.7620628717136733
AMGN,2016-12-31,0.5042133732711427
AMP,2012-12-31,0.3867905769152771
AMP,2013-12-31,0.4460704035000638
AMP,2014-12-31,0.4732339227819359
AMP,2015-12-31,0.7250786704357235
AMT,2012-12-31,0.45221415675540744
AMT,2013-12-31,0.4676436924962998
AMT,2014-12-31,0.5181940266981206
AMT,2015-12-31,0.7440259213634463
AMZN,2013-12-31,0.41247911143265803
AMZN,2014-12-31,0.40895117672276415
AMZN,2015-12-31,0.7385397333432655
AMZN,2016-12-31,0.4461973902729396
AN,2013-12-31,0.4803573044893749
AN,2014-12-31,0.5518937374058916
AN,2015-12-31,0.746272505913629
AN,2016-12-31,0.4686158569352883
ANTM,2012-12-31,0.44117655133043004
ANTM,2013-12-31,0.5128829730413379
ANTM,2014-12-31,0.5153495118179932
ANTM,2015-12-31,0.7625657179225127
AON,2012-12-31,0.425773568050172
AON,2013-12-31,0.47500145369651625
AON,2014-12-31,0.506147671628914
AON,2015-12-31,0.7453914042023505
APA,2012-12-31,0.46713036588427176
APA,2013-12-31,0.4832497519443811
APA,2014-12-31,0.45149455246396974
APA,2015-12-31,0.2786878857833269
APC,2013-12-31,0.45417640573961915
APC,2014-12-31,0.5854583248521283
APC,2015-12-31,0.6358781575776069
APC,2016-12-31,0.3808390942466976
APD,2013-09-30,0.2969156516958052
APD,2014-09-30,0.20848864050370583
APD,2015-09-30,0.5332139314116922
APD,2016-09-30,0.4799744737412106
APH,2012-12-31,0.5398047392781455
APH,2013-12-31,0.5209818279026472
APH,2014-12-31,0.5724164123472885
APH,2015-12-31,0.7764689379115846
ARNC,2012-12-31,0.38865295002909805
ARNC,2013-12-31,0.4261611827251207
ARNC,2014-12-31,0.482793245712402
ARNC,2015-12-31,0.7310038638690882
ATVI,2012-12-31,0.5378238080384418
ATVI,2013-12-31,0.5007516082231069
ATVI,2014-12-31,0.5126721836114666
ATVI,2015-12-31,0.7573042609681864
AVB,2012-12-31,0.40936129044832703
AVB,2013-12-31,0.45039947585647483
AVB,2014-12-31,0.4800874727988497
AVB,2015-12-31,0.732705801023151
AVGO,2015-11-01,0.3333333333333333
AVGO,2016-10-30,6.402580807196578e-08
AVY,2012-12-31,0.4488487062981834
AVY,2013-12-28,0.4529560311863137
AVY,2015-01-03,0.5244827867500769
AVY,2016-01-02,0.5043908057996008
AWK,2012-12-31,0.44025066596471657
AWK,2013-12-31,0.4791768125679664
AWK,2014-12-31,0.5114691543948274
AWK,2015-12-31,0.7466477450176813
AXP,2012-12-31,0.36955670927140044
AXP,2013-12-31,0.43260721156551446
AXP,2014-12-31,0.43467345257580153
AXP,2015-12-31,0.7057763368049645
AYI,2013-08-31,0.052263194943600155
AYI,2014-08-31,0.7862686572033388
AYI,2015-08-31,0.7499999371646398
AYI,2016-08-31,0.7499999074675205
AZO,2013-08-31,0.6666666252928505
AZO,2014-08-30,0.25
AZO,2015-08-29,0.25
AZO,2016-08-27,0.25
BA,2013-12-31,0.45616289703486684
BA,2014-12-31,0.5204986554072738
BA,2015-12-31,0.7512624905239927
BA,2016-12-31,0.4741769745252609
BAC,2012-12-31,0.3761946922167638
BAC,2013-12-31,0.4355069634721566
BAC,2014-12-31,0.45511718039317983
BAC,2015-12-31,0.7154986494955068
BAX,2012-12-31,0.5014410767144729
BAX,2013-12-31,0.37273660824769583
BAX,2014-12-31,0.43738393760612115
BAX,2015-12-31,0.7248081880150068
BBBY,2013-03-02,0.3333333333333333
BBBY,2014-03-01,0.25
BBBY,2015-02-28,0.7499999653778203
BBBY,2016-02-27,0.25
BBT,2012-12-31,0.3740530366462053
BBT,2013-12-31,0.4342413513445235
BBT,2014-12-31,0.44940633096254623
BBT,2015-12-31,0.7143250718582892
BBY,2012-03-03,0.3333333333333333
BBY,2014-02-01,0.2269748310105262
BBY,2015-01-31,0.2279093853345911
BBY,2016-01-30,0.3446530345228616
BCR,2013-12-31,0.5036671369792823
BCR,2014-12-31,0.6097681505145924
BCR,2015-12-31,0.8230431026253114
BCR,2016-12-31,0.5474433452775169
BDX,2013-09-30,0.3332460437446785
BDX,2014-09-30,0.36161779474544004
BDX,2015-09-30,0.3398478033002488
BDX,2016-09-30,0.34574345206016743
BHI,2013-12-31,0.4688435042308637
BHI,2014-12-31,0.5610613175350007
BHI,2015-12-31,0.6449584405701476
BHI,2016-12-31,0.3087599637376084
BIIB,2013-12-31,0.6346125368942209
BIIB,2014-12-31,0.7500870138573733
BIIB,2015-12-31,0.8047874262218361
BIIB,2016-12-31,0.5682924220916056
BK,2012-12-31,0.3843150934859357
BK,2013-12-31,0.44172076619001327
BK,2014-12-31,0.463323340371786
BK,2015-12-31,0.7214036578062095
BLL,2012-12-31,0.4751969348837007
BLL,2013-12-31,0.4857627748817133
BLL,2014-12-31,0.5540833867274808
BLL,2015-12-31,0.7040169344172419
BMY,2012-12-31,0.4352093954114237
BMY,2013-12-31,0.4745525222724575
BMY,2014-12-31,0.522661096050809
BMY,2015-12-31,0.7467995474317182
BSX,2012-12-31,0.17460796950439303
BSX,2013-12-31,0.4438321263561503
BSX,2014-12-31,0.4417453300033802
BSX,2015-12-31,0.7087025725959899
BWA,2013-12-31,0.51297390202586
BWA,2014-12-31,0.5799181562707184
BWA,2015-12-31,0.7310983912785468
BWA,2016-12-31,0.4894221698981465
BXP,2012-12-31,0.4185214151176912
BXP,2013-12-31,0.45311802535520657
BXP,2014-12-31,0.4929565024405548
BXP,2015-12-31,0.7379998535888077
C,2012-12-31,0.37823866417844515
C,2013-12-31,0.44287916370533126
C,2014-12-31,0.46371499581044845
C,2015-12-31,0.7233407374457684
CAG,2013-05-26,0.213295328160528
CAG,2014-05-25,0.26274617078914514
CAG,2015-05-31,0.40406835791418916
CAG,2016-05-29,0.38370321480616426
CAH,2013-06-30,0.4193869299545652
CAH,2014-06-30,0.11575897148029979
CAH,2015-06-30,0.23484429625366587
CAH,2016-06-30,0.4622853291656709
CAT,2013-12-31,0.453538401415644
CAT,2014-12-31,0.48238071562305757
CAT,2015-12-31,0.729575853450227
CAT,2016-12-31,0.3898605357212369
CB,2012-12-31,0.40508683274855234
CB,2013-12-31,0.4665077633848134
CB,2014-12-31,0.47781222373859206
CB,2015-12-31,0.7273357834271488
CBG,2012-12-31,0.447085697336464
CBG,2013-12-31,0.5377214330887733
CBG,2014-12-31,0.5788624882451809
CBG,2015-12-31,0.7198762017996447
CCI,2012-12-31,0.42915320612999813
CCI,2013-12-31,0.46473818304782927
CCI,2014-12-31,0.503613767386508
CCI,2015-12-31,0.7212280234488673
CCL,2013-11-30,1.1313872501824325e-07
CCL,2014-11-30,0.005074545567668163
CCL,2015-11-30,0.17072435760174967
CCL,2016-11-30,0.332477698567889
CELG,2013-12-31,0.5172233837854118
CELG,2014-12-31,0.5442790627157107
CELG,2015-12-31,0.7355554703400722
CELG,2016-12-31,0.5225671930222343
CERN,2013-12-28,0.5759953796694236
CERN,2015-01-03,0.8395270260505294
CERN,2016-01-02,0.7614004743574735
CERN,2016-12-31,0.5859459083385417
CF,2012-12-31,0.7060491628532916
CF,2013-12-31,0.5776543209170066
CF,2014-12-31,0.5596702575970558
CF,2015-12-31,0.7475896021548911
CFG,2012-12-31,0.3754269538099253
CFG,2013-12-31,0.43866601874969297
CFG,2014-12-31,0.4529131361816584
CFG,2015-12-31,0.7159260013488932
CHD,2012-12-31,0.5177385370918447
CHD,2013-12-31,0.5509976532002994
CHD,2014-12-31,0.5760672254907324
CHD,2015-12-31,0.7947616578657725
CHK,2012-12-31,0.33360548546667096
CHK,2013-12-31,0.5070921124728301
CHK,2014-12-31,0.5562851339121706
CHK,2015-12-31,0.38095310959869705
CHRW,2012-12-31,0.6248747804600855
CHRW,2013-12-31,0.7107940325990864
CHRW,2014-12-31,0.5491410733574794
CHRW,2015-12-31,0.8384330625868877
CHTR,2013-12-31,0.44703979202706184
CHTR,2014-12-31,0.4807898557212759
CHTR,2015-12-31,0.7206376701602412
CHTR,2016-12-31,0.4108835449231404
CI,2012-12-31,0.41849148119471624
CI,2013-12-31,0.47341581798248483
CI,2014-12-31,0.5074645351012923
CI,2015-12-31,0.7459709687411753
CINF,2012-12-31,0.408709971602257
CINF,2013-12-31,0.4643575370723324
CINF,2014-12-31,0.4861615527085042
CINF,2015-12-31,0.7370381318950628
CL,2012-12-31,0.6400746277142807
CL,2013-12-31,0.5952973156463843
CL,2014-12-31,0.6585434819670446
CL,2015-12-31,0.8213256502641034
CLX,2013-06-30,0.796823405512288
CLX,2014-06-30,0.8087238362623674
CLX,2015-06-30,0.9020833494402316
CLX,2016-06-30,0.7305783029817922
CMA,2013-12-31,0.3938760970323308
CMA,2014-12-31,0.4513334552771857
CMA,2015-12-31,0.715995230226332
CMA,2016-12-31,0.41920785824607065
CME,2012-12-31,0.42580259876505067
CME,2013-12-31,0.44989362493155743
CME,2014-12-31,0.47121326379842376
CME,2015-12-31,0.7299227760347491
CMG,2013-12-31,0.7180324279386601
CMG,2014-12-31,0.78090500128831
CMG,2015-12-31,0.9083829791035026
CMG,2016-12-31,0.5526786038162697
CMI,2013-12-31,0.5313241123458315
CMI,2014-12-31,0.5836185315560739
CMI,2015-12-31,0.7822797396616146
CMI,2016-12-31,0.4723034336584133
CMS,2013-12-31,0.45523412342089986
CMS,2014-12-31,0.5078305318918238
CMS,2015-12-31,0.736333382090063
CMS,2016-12-31,0.4546402929423502
CNC,2012-12-31,0.4202277474515174
CNC,2013-12-31,0.5231982059942054
CNC,2014-12-31,0.4614154788541474
CNC,2015-12-31,0.7947276150917314
CNP,2012-12-31,0.4207159288235088
CNP,2013-12-31,0.47753844409292406
CNP,2014-12-31,0.49287549792917484
CNP,2015-12-31,0.7486965713060709
COF,2012-12-31,0.37394799998383327
COF,2013-12-31,0.43498135042512853
COF,2014-12-31,0.44765741624579464
COF,2015-12-31,0.7138026664964363
COG,2012-12-31,0.4484709833622733
COG,2013-12-31,0.5347531450152381
COG,2014-12-31,0.48037007048977626
COG,2015-12-31,0.6962045384643315
COL,2013-09-30,0.5921900001083766
COL,2014-09-30,0.32958443068323184
COL,2015-09-30,0.6001979400070697
COL,2016-09-30,0.3957374494654922
COO,2013-10-31,0.6666666633304162
COO,2014-10-31,0.7971884699064232
COO,2015-10-31,0.3660712812015226
COO,2016-10-31,0.41145147156542305
COST,2013-09-01,0.3333333333333333
COST,2014-08-31,9.719185126155772e-08
COST,2015-08-30,0.25
COST,2016-08-28,0.25
COTY,2003-06-30,0.3333333333333333
COTY,2004-06-30,0.25
COTY,2006-02-28,0.25
COTY,2007-02-28,0.25
CPB,2013-07-28,0.3333333333333333
CPB,2014-08-03,0.25
CPB,2015-08-02,0.25
CPB,2016-07-31,0.1299103377117527
CRM,2013-01-31,0.08149073480790137
CRM,2014-01-31,0.05843096694207712
CRM,2015-01-31,0.16538721437802986
CRM,2016-01-31,0.17230155038943756
CSCO,2013-07-27,0.3333333333333333
CSCO,2014-07-26,0.25
CSCO,2015-07-25,0.25
CSCO,2016-07-30,0.25
CSRA,2015-04-03,0.9999999327370328
CSRA,2016-04-01,0.25
CSX,2013-12-31,0.4958360036906247
CSX,2014-12-26,0.25
CSX,2015-12-25,0.25
CSX,2016-12-30,0.25
CTAS,2013-05-31,0.43609236141895263
CTAS,2014-05-31,0.46184652205210486
CTAS,2015-05-31,0.7035977151735988
CTAS,2016-05-31,0.6924028925922688
CTL,2012-12-31,0.4299939615995097
CTL,2013-12-31,0.4592237777025745
CTL,2014-12-31,0.5077695650130997
CTL,2015-12-31,0.7468401479861879
CTSH,2012-12-31,0.6667711189673069
CTSH,2013-12-31,0.6088461303582636
CTSH,2014-12-31,0.548892244127047
CTSH,2015-12-31,0.8120533563234382
CTXS,2013-12-31,0.46850610769673984
CTXS,2014-12-31,0.4956731230658344
CTXS,2015-12-31,0.7423581092533056
CTXS,2016-12-31,0.46260339727089966
CVS,2013-12-31,0.5060357727833947
CVS,2014-12-31,0.5878825131943094
CVS,2015-12-31,0.7352347605063331
CVS,2016-12-31,0.5969948649889343
CVX,2012-12-31,0.5437084634105294
CVX,2013-12-31,0.4879125295046904
CVX,2014-12-31,0.477226959789505
CVX,2015-12-31,0.6679170576132756
CXO,2012-12-31,0.4786127256732767
CXO,2013-12-31,0.48836344408697707
CXO,2014-12-31,0.5346177436401132
CXO,2015-12-31,0.7260900365404779
D,2012-12-31,0.4409670192629795
D,2013-12-31,0.47770572270235423
D,2014-12-31,0.4904095045715209
D,2015-12-31,0.7396092894249408
DAL,2013-12-31,0.4261920387255009
DAL,2014-12-31,0.5011353799386402
DAL,2015-12-31,0.780124324304529
DAL,2016-12-31,0.5175532806730612
DD,2013-12-31,0.4335262595461271
DD,2014-12-31,0.5004950259854825
DD,2015-12-31,0.7533307053305431
DD,2016-12-31,0.4811168166671197
DE,2013-10-31,0.44950593513961284
DE,2014-10-31,0.8006743926605683
DE,2015-10-31,0.25715699407379683
DE,2016-10-31,0.13988074545428691
DFS,2012-11-30,0.3333333333333333
DFS,2013-12-31,0.43138894958722407
DFS,2014-12-31,0.43986101995976545
DFS,2015-12-31,0.7091796943608726
DG,2013-02-01,0.9999998673777154
DG,2014-01-31,0.7826097624218823
DG,2015-01-30,0.5000004999188257
DG,2016-01-29,0.7499996757834378
DGX,2012-12-31,0.5145962958595558
DGX,2013-12-31,0.5533647053013445
DGX,2014-12-31,0.5288790503301108
DGX,2015-12-31,0.7857145268397053
DHI,2013-09-30,0.36865019747124744
DHI,2014-09-30,0.29569600577471566
DHI,2015-09-30,0.6275316229401737
DHI,2016-09-30,0.5034192573568244
DHR,2012-12-31,0.48236654772351767
DHR,2013-12-31,0.49812435734621396
DHR,2014-12-31,0.5275189951560844
DHR,2015-12-31,0.7301393246949534
DIS,2013-09-28,0.50286713213204
DIS,2014-09-27,0.6890247517155146
DIS,2015-10-03,0.7499999223172559
DIS,2016-10-01,0.9999998398905747
DISCA,2013-12-31,0.519593454910588
DISCA,2014-12-31,0.5674774556277022
DISCA,2015-12-31,0.7756152694688836
DISCA,2016-12-31,0.5185895268698764
DISCK,2013-12-31,0.519593454910588
DISCK,2014-12-31,0.5674774556277022
DISCK,2015-12-31,0.7756152694688836
DISCK,2016-12-31,0.5185895268698764
DLPH,2013-12-31,0.5235625606060159
DLPH,2014-12-31,0.5852743071967292
DLPH,2015-12-31,0.7398748387176559
DLPH,2016-12-31,0.5665420491007275
DLR,2012-12-31,0.41849496292021043
DLR,2013-12-31,0.4637930173186506
DLR,2014-12-31,0.4799676259907455
DLR,2015-12-31,0.7296618822085068
DLTR,2013-02-02,0.8941344026771308
DLTR,2014-02-01,0.9560879548227603
DLTR,2015-01-31,0.633083821315763
DLTR,2016-01-30,0.05719296920265862
DNB,2012-12-31,0.5489694646457283
DNB,2013-12-31,0.5708632349119465
DNB,2014-12-31,0.57780333189968
DNB,2015-12-31,0.764797056832319
DOV,2013-12-31,0.49384746925814577
DOV,2014-12-31,0.6108967954204172
DOV,2015-12-31,0.7459347520330463
DOV,2016-12-31,0.41153518745021916
DPS,2013-12-31,0.5098622164850469
DPS,2014-12-31,0.5691764199986058
DPS,2015-12-31,0.7736758261731601
DPS,2016-12-31,0.5010727129960599
DRI,2013-05-26,0.16269050540590055
DRI,2014-05-25,0.34788570355577875
DRI,2015-05-31,0.4589760908983833
DRI,2016-05-29,0.7765726848219021
DUK,2012-12-31,0.4017938504012004
DUK,2013-12-31,0.4738334885311437
DUK,2014-12-31,0.4976386257549698
DUK,2015-12-31,0.7372480618894781
DVA,2012-12-31,0.45622147968807963
DVA,2013-12-31,0.5370949416344739
DVA,2014-12-31,0.5583844911752306
DVA,2015-12-31,0.7542911614084046
DVN,2013-12-31,0.4092858552169008
DVN,2014-12-31,0.5869425600101216
DVN,2015-12-31,0.4633365299230754
DVN,2016-12-31,0.36590420774237603
EA,2013-03-31,1.3622432537552243e-07
EA,2014-03-31,0.1991591451372648
EA,2015-03-31,0.5490160794636247
EA,2016-03-31,0.5000000073801854
EBAY,2013-12-31,0.4490897962505263
EBAY,2014-12-31,0.5197651587583842
EBAY,2015-12-31,0.8010173535271734
EBAY,2016-12-31,0.39165770963868507
ECL,2012-12-31,0.4494603165195506
ECL,2013-12-31,0.49052301692509875
ECL,2014-12-31,0.5505653359972409
ECL,2015-12-31,0.7516024368619418
ED,2013-12-31,0.4462629670080231
ED,2014-12-31,0.4962258804307974
ED,2015-12-31,0.7396528736561024
ED,2016-12-31,0.448947279641948
EFX,2012-12-31,0.4858906498938483
EFX,2013-12-31,0.5445210167502327
EFX,2014-12-31,0.5753069900632284
EFX,2015-12-31,0.7976503021394656
EIX,2012-12-31,0.4325142947957387
EIX,2013-12-31,0.460504343808242
EIX,2014-12-31,0.4918813190728316
EIX,2015-12-31,0.7295278485990476
EL,2013-06-30,0.8366449491673563
EL,2014-06-30,0.924020246646331
EL,2015-06-30,0.7472561506421367
EL,2016-06-30,0.6156257705258272
EMN,2012-12-31,0.44193516127982285
EMN,2013-12-31,0.5633415505871798
EMN,2014-12-31,0.4612442390104402
EMN,2015-12-31,0.7570606541390393
EMR,2013-09-30,0.571648375161466
EMR,2014-09-30,0.35007388425512
EMR,2015-09-30,0.6059499932734066
EMR,2016-09-30,0.3850104066350223
EOG,2012-12-31,0.436756381849796
EOG,2013-12-31,0.5330322332568372
EOG,2014-12-31,0.5983331952454488
EOG,2015-12-31,0.5869099513030097
EQIX,2012-12-31,0.44406514921835455
EQIX,2013-12-31,0.47604442022418625
EQIX,2014-12-31,0.5577887581903711
EQIX,2015-12-31,0.7388948311354951
EQR,2012-12-31,0.39957323576371095
EQR,2013-12-31,0.44390867370736947
EQR,2014-12-31,0.4901448479512459
EQR,2015-12-31,0.7343680182799305
EQT,2013-12-31,0.4553123458721233
EQT,2014-12-31,0.5106562109767235
EQT,2015-12-31,0.7164729818687552
EQT,2016-12-31,0.41618933792454904
ES,2012-12-31,0.41624960802517147
ES,2013-12-31,0.4827782610453405
ES,2014-12-31,0.5026485967491039
ES,2015-12-31,0.7444274323689514
ESS,2012-12-31,0.40942598123883484
ESS,2013-12-31,0.46115018689629533
ESS,2014-12-31,0.4636567754058842
ESS,2015-12-31,0.7321913150440382
ETFC,2012-12-31,0.38171444699176865
ETFC,2013-12-31,0.43889428126372515
ETFC,2014-12-31,0.4671638127856829
ETFC,2015-12-31,0.7180677108558866
ETN,2012-12-31,0.418141966757039
ETN,2013-12-31,0.5131088256085637
ETN,2014-12-31,0.5013868537585136
ETN,2015-12-31,0.746370046061587
ETR,2012-12-31,0.40419632399088096
ETR,2013-12-31,0.4617519500444924
ETR,2014-12-31,0.4946950413360477
ETR,2015-12-31,0.713937246255755
EW,2012-12-31,0.5907493549646117
EW,2013-12-31,0.5537430873844593
EW,2014-12-31,0.7115647870930166
EW,2015-12-31,0.7828035492748819
EXC,2013-12-31,0.43753413323864526
EXC,2014-12-31,0.4878410332788904
EXC,2015-12-31,0.7373154563302066
EXC,2016-12-31,0.4252164592111311
EXPD,2012-12-31,0.6079737466923006
EXPD,2013-12-31,0.5840829682324327
EXPD,2014-12-31,0.7050963396650176
EXPD,2015-12-31,0.902739014841297
EXPE,2013-12-31,0.4374340771016519
EXPE,2014-12-31,0.5000518303492048
EXPE,2015-12-31,0.6906864032979823
EXPE,2016-12-31,0.4941952267893625
EXR,2012-12-31,0.4188778466453169
EXR,2013-12-31,0.4687006980516769
EXR,2014-12-31,0.4844366431675803
EXR,2015-12-31,0.723932869586986
F,2013-12-31,0.4469955705564252
F,2014-12-31,0.4465830221002887
F,2015-12-31,0.723881967207868
F,2016-12-31,0.4184186314574072
FAST,2013-12-31,0.9114040629013852
FAST,2014-12-31,0.8434837688587642
FAST,2015-12-31,0.8990087347067914
FAST,2016-12-31,0.6770299851066148
FB,2013-12-31,0.6426254032180809
FB,2014-12-31,0.6425765031511146
FB,2015-12-31,0.8624844280652745
FB,2016-12-31,0.7590168631354673
FBHS,2012-12-31,0.41827760659218627
FBHS,2013-12-31,0.5121248604056273
FBHS,2014-12-31,0.5809213659101681
FBHS,2015-12-31,0.7571298801349938
FCX,2012-12-31,0.5540004419784395
FCX,2013-12-31,0.45505024913269587
FCX,2014-12-31,0.473622455621316
FCX,2015-12-31,0.6322878661098601
FDX,2013-05-31,0.43140173343106586
FDX,2014-05-31,0.4187294607019462
FDX,2015-05-31,0.24776466036272662
FDX,2016-05-31,0.11509553902649901
FE,2012-12-31,0.4190512554230548
FE,2013-12-31,0.45639202542941654
FE,2014-12-31,0.47581722442122526
FE,2015-12-31,0.7406987538298444
FFIV,2013-09-30,0.8785607710536594
FFIV,2014-09-30,0.7761668374987899
FFIV,2015-09-30,0.8482693352908445
FFIV,2016-09-30,0.6335093203763446
FIS,2012-12-31,0.46389893023148115
FIS,2013-12-31,0.4925258420949197
FIS,2014-12-31,0.532471765259906
FIS,2015-12-31,0.7110529769278163
FISV,2012-12-31,0.5012969245647034
FISV,2013-12-31,0.5090365909402613
FISV,2014-12-31,0.5666475650128237
FISV,2015-12-31,0.7808817412644371
FL,2013-02-02,0.46463587982734667
FL,2014-02-01,0.6330548996088212
FL,2015-01-31,0.7378500266735246
FL,2016-01-30,0.7382990993181322
FLIR,2012-12-31,0.5650348795003667
FLIR,2013-12-31,0.5180474487895801
FLIR,2014-12-31,0.5547391780830091
FLIR,2015-12-31,0.7803742137182094
FLR,2013-12-31,0.5315541658593725
FLR,2014-12-31,0.42805783115579044
FLR,2015-12-31,0.7239337651992706
FLR,2016-12-31,0.3365404028142029
FLS,2013-12-31,0.5333259283936652
FLS,2014-12-31,0.577329208694523
FLS,2015-12-31,0.7570087246806587
FLS,2016-12-31,0.43179145445434824
FMC,2012-12-31,0.5174336221939669
FMC,2013-12-31,0.4660287154004878
FMC,2014-12-31,0.513819100392151
FMC,2015-12-31,0.6747019608552987
FRT,2013-12-31,0.449873440666208
FRT,2014-12-31,0.5036175268422676
FRT,2015-12-31,0.7420112880235152
FRT,2016-12-31,0.45902954659798395
FSLR,2012-12-31,0.3727977986869391
FSLR,2013-12-31,0.465356667888901
FSLR,2014-12-31,0.515305557514668
FSLR,2015-12-31,0.7503150508919705
FTR,2012-12-31,0.4362258864292345
FTR,2013-12-31,0.4804297098205356
FTR,2014-12-31,0.49339756176018074
FTR,2015-12-31,0.7310463942345271
GD,2013-12-31,0.49147365353403744
GD,2014-12-31,0.5399001830779047
GD,2015-12-31,0.7825129451709536
GD,2016-12-31,0.49934436137730764
GGP,2012-12-31,0.41237255764367453
GGP,2013-12-31,0.46029995655111566
GGP,2014-12-31,0.4844882100233438
GGP,2015-12-31,0.7227098986192693
GILD,2012-12-31,0.5683682113188643
GILD,2013-12-31,0.5876609933270706
GILD,2014-12-31,0.8177233140198478
GILD,2015-12-31,0.8561720206508613
GIS,2013-05-26,0.999999889576057
GIS,2014-05-25,0.862801831126791
GIS,2015-05-31,0.4122135875805447
GIS,2016-05-29,0.3638426284646994
GLW,2013-12-31,0.44538181842553115
GLW,2014-12-31,0.5070635429677802
GLW,2015-12-31,0.7361535131809616
GLW,2016-12-31,0.4465343037915676
GM,2013-12-31,0.4205622820481875
GM,2014-12-31,0.4396814850844978
GM,2015-12-31,0.7040589140381515
GM,2016-12-31,0.4319923401135789
GPC,2012-12-31,0.5285961983223101
GPC,2013-12-31,0.5138511490028536
GPC,2014-12-31,0.5698352764345997
GPC,2015-12-31,0.7782317237525476
GPN,2013-05-31,0.228888184982268
GPN,2014-05-31,1.5730049482409747e-07
GPN,2015-05-31,0.2457465000121476
GPN,2016-05-31,0.0010676157277638178
GPS,2013-02-02,0.6039320701008484
GPS,2014-02-01,0.6887211348503584
GPS,2015-01-31,0.6881160083737228
GPS,2016-01-30,0.5615218328930811
GRMN,2012-12-29,0.3968592289675567
GRMN,2013-12-28,0.4140554918940961
GRMN,2014-12-27,0.4566357374368054
GRMN,2015-12-26,0.4617183989036551
GT,2013-12-31,0.4610349327500687
GT,2014-12-31,0.43579249046479845
GT,2015-12-31,0.7690724796272936
GT,2016-12-31,0.44664028066927247
GWW,2012-12-31,0.6393696540633073
GWW,2013-12-31,0.6278516971009478
GWW,2014-12-31,0.7082682000592635
GWW,2015-12-31,0.790091050154938
HAL,2013-12-31,0.49611828831939125
HAL,2014-12-31,0.5850469241613183
HAL,2015-12-31,0.6714844080252552
HAL,2016-12-31,0.23064670874901283
HAR,2013-06-30,0.4902534501869909
HAR,2014-06-30,0.38142754143277247
HAR,2015-06-30,0.15657922022343607
HAR,2016-06-30,0.5130499540814755
HAS,2012-12-31,0.5014367447796283
HAS,2013-12-29,0.9906382010221506
HAS,2014-12-28,0.6696474561232867
HAS,2015-12-27,0.25
HBAN,2012-12-31,0.37392791795652647
HBAN,2013-12-31,0.4329110312244397
HBAN,2014-12-31,0.4506197221982122
HBAN,2015-12-31,0.7149131815594825
HBI,2013-12-28,0.3367072707342677
HBI,2015-01-03,0.17876828952877796
HBI,2016-01-02,0.3084444531683697
HBI,2016-12-31,0.43083581408218785
HCA,2012-12-31,0.530167029725419
HCA,2013-12-31,0.5467762233592673
HCA,2014-12-31,0.6132727906197796
HCA,2015-12-31,0.8017020867321666
HCN,2012-12-31,0.4066294773456445
HCN,2013-12-31,0.46037549210143824
HCN,2014-12-31,0.4882299076474717
HCN,2015-12-31,0.7324356454264294
HCP,2013-12-31,0.4510325044868559
HCP,2014-12-31,0.45974803972869444
HCP,2015-12-31,0.7432019501691838
HCP,2016-12-31,0.46388794386929794
HD,2013-02-03,0.9999999207604566
HD,2014-02-02,0.8837886853009846
HD,2015-02-01,0.999999938618392
HD,2016-01-31,0.7030104422064459
HES,2012-12-31,0.45028305178043554
HES,2013-12-31,0.4761718811434493
HES,2014-12-31,0.48725635010575896
HES,2015-12-31,0.6599729931452625
HIG,2012-12-31,0.3763751320748148
HIG,2013-12-31,0.43933350729242426
HIG,2014-12-31,0.463287899342501
HIG,2015-12-31,0.7214377001209196
HOG,2012-12-31,0.4798729985704357
HOG,2013-12-31,0.5225753033189264
HOG,2014-12-31,0.5626522163238268
HOG,2015-12-31,0.7549430242992836
HOLX,2013-09-28,1.18338180662055e-07
HOLX,2014-09-27,0.242564538620761
HOLX,2015-09-26,0.25000006275153697
HOLX,2016-09-24,0.2500001539984364
HON,2013-12-31,0.5049664950143279
HON,2014-12-31,0.5558192639841063
HON,2015-12-31,0.7588471635536499
HON,2016-12-31,0.4822750491075944
HP,2013-09-30,0.6744631310625279
HP,2014-09-30,0.5703738939856476
HP,2015-09-30,0.531038838405874
HP,2016-09-30,0.1469114451429194
HPE,2014-10-31,0.2170378991122888
HPE,2015-10-31,0.0034828550784999543
HPE,2016-10-31,0.12745556546091974
HPQ,2013-10-31,0.12669435306613086
HPQ,2014-10-31,0.16509332072667432
HPQ,2015-10-31,0.18777176889402206
HPQ,2016-10-31,0.8501053616246155
HRB,2013-04-30,0.6666665724415793
HRB,2014-04-30,0.9999998176621471
HRB,2015-04-30,0.999999950978599
HRB,2016-04-30,0.9999999346416386
HRL,2013-10-27,0.9999999531122253
HRL,2014-10-26,0.7499999025654229
HRL,2015-10-31,0.7499999637461293
HRL,2016-10-30,0.9369333951565582
HRS,2013-06-28,0.41891156622604003
HRS,2014-06-27,0.7681446020495337
HRS,2015-07-03,0.2141160202378865
HRS,2016-07-01,0.9664561673840957
HSIC,2012-12-29,0.27112563937162043
HSIC,2013-12-28,0.4021231577021936
HSIC,2014-12-27,0.017290208738553095
HSIC,2015-12-26,0.2341934543010117
HST,2012-12-31,0.40990152368115806
HST,2013-12-31,0.4683862068994843
HST,2014-12-31,0.502955924551489
HST,2015-12-31,0.74332422525612
HSY,2012-12-31,0.5946806935240136
HSY,2013-12-31,0.5903468941992343
HSY,2014-12-31,0.6411105387923813
HSY,2015-12-31,0.8102303732734251
HUM,2013-12-31,0.48934354897318927
HUM,2014-12-31,0.5613844131911515
HUM,2015-12-31,0.7797726629287993
HUM,2016-12-31,0.4498089870818387
IBM,2012-12-31,0.5398769541306435
IBM,2013-12-31,0.5192047134333277
IBM,2014-12-31,0.5718858200209069
IBM,2015-12-31,0.7550545329759558
IDXX,2012-12-31,0.6426440948958243
IDXX,2013-12-31,0.5734243741950282
IDXX,2014-12-31,0.572767723742587
IDXX,2015-12-31,0.7927304543945297
IFF,2012-12-31,0.5290917292497016
IFF,2013-12-31,0.5472388363098986
IFF,2014-12-31,0.5832350779114294
IFF,2015-12-31,0.7722357959949775
ILMN,2013-12-29,0.19108779564088474
ILMN,2014-12-28,0.9982258491638317
ILMN,2016-01-03,0.9999998960439811
ILMN,2017-01-01,0.25
INTC,2013-12-28,0.4246658293200902
INTC,2014-12-27,0.33463556041687087
INTC,2015-12-26,0.35021937413319926
INTC,2016-12-31,0.4977158310573059
INTU,2013-07-31,0.9999997358187569
INTU,2014-07-31,0.9999999161573369
INTU,2015-07-31,0.49999813178200314
INTU,2016-07-31,0.9999999666457078
IP,2012-12-31,0.4280694769009316
IP,2013-12-31,0.487501349184812
IP,2014-12-31,0.5236110596529898
IP,2015-12-31,0.7344106355718037
IPG,2012-12-31,0.42220088790743926
IPG,2013-12-31,0.4748692175809048
IPG,2014-12-31,0.513049821376795
IPG,2015-12-31,0.7490024744406493
IRM,2012-12-31,0.46327990826142224
IRM,2013-12-31,0.48357452923416533
IRM,2014-12-31,0.5256568982604983
IRM,2015-12-31,0.7596748733144335
ISRG,2013-12-31,0.7611177606275815
ISRG,2014-12-31,0.6205069469599971
ISRG,2015-12-31,0.8506148298360081
ISRG,2016-12-31,0.5994256171966578
ITW,2013-12-31,0.5148232470017968
ITW,2014-12-31,0.5765506601881988
ITW,2015-12-31,0.7935776385663107
ITW,2016-12-31,0.5783185370180169
IVZ,2012-12-31,0.42613885783595373
IVZ,2013-12-31,0.4768943282052477
IVZ,2014-12-31,0.5031872232388834
IVZ,2015-12-31,0.7324386093069137
JBHT,2012-12-31,0.5857959827328387
JBHT,2013-12-31,0.5611047460337839
JBHT,2014-12-31,0.5659814342606686
JBHT,2015-12-31,0.7855098515933362
JEC,2013-09-27,0.2348372406880436
JEC,2014-09-26,0.11531056149470306
JEC,2015-10-02,0.16340458747981848
JEC,2016-09-30,0.27682144973930456
JNPR,2012-12-31,0.4188441748566219
JNPR,2013-12-31,0.48232492248254355
JNPR,2014-12-31,0.44490684208755077
JNPR,2015-12-31,0.7652988642501932
JPM,2012-12-31,0.3872420558021796
JPM,2013-12-31,0.4426909852651255
JPM,2014-12-31,0.46416235504532133
JPM,2015-12-31,0.7227482872745353
JWN,2013-02-02,0.301661730727689
JWN,2014-02-01,0.3748088199714758
JWN,2015-01-31,0.41698981195950635
JWN,2016-01-30,0.4578509100659186
K,2012-12-29,0.16689381731358047
K,2013-12-28,0.5229730444284353
K,2015-01-03,0.11764774387901637
K,2016-01-02,0.017818782138469963
KEY,2013-09-30,0.14931657597421752
KEY,2014-09-30,0.0770999010622685
KEY,2015-09-30,0.4148364005707768
KEY,2016-09-30,0.34770469743963933
KIM,2012-12-31,0.39883595222970963
KIM,2013-12-31,0.4546470612307218
KIM,2014-12-31,0.46996126654048737
KIM,2015-12-31,0.7117937993511716
KLAC,2013-06-30,0.7130038332535077
KLAC,2014-06-30,0.7007834646637743
KLAC,2015-06-30,0.5652345356652871
KLAC,2016-06-30,0.6970625988394278
KMB,2013-12-31,0.5288975690733565
KMB,2014-12-31,0.6334917563913542
KMB,2015-12-31,0.7556928209382586
KMB,2016-12-31,0.5671430113149617
KMI,2013-12-31,0.444504159102284
KMI,2014-12-31,0.5139743797038756
KMI,2015-12-31,0.7327225252355892
KMI,2016-12-31,0.45360143954760657
KMX,2013-02-28,0.3333333333333333
KMX,2014-02-28,0.16583661333458755
KMX,2015-02-28,0.17541905343805997
KMX,2016-02-29,0.10630017401554134
KO,2012-12-31,0.4939794949733945
KO,2013-12-31,0.5024693854270513
KO,2014-12-31,0.5258446161816006
KO,2015-12-31,0.7488519547677466
KORS,2013-03-30,0.9999999822909498
KORS,2014-03-29,0.749999990149571
KORS,2015-03-28,0.9999999885154643
KORS,2016-04-02,0.9999999817471802
KR,2013-02-02,0.13007423166716117
KR,2014-02-01,0.0196160437272876
KR,2015-01-31,0.40638240950332
KR,2016-01-30,0.2761480181237435
KSS,2013-02-02,0.2432428100299807
KSS,2014-02-01,0.29989336700992547
KSS,2015-01-31,0.3888641190358892
KSS,2016-01-30,0.3889931176369636
KSU,2013-12-31,0.49142082472112464
KSU,2014-12-31,0.5402033637017633
KSU,2015-12-31,0.7572619328535029
KSU,2016-12-31,0.4798700481763518
LB,2013-02-02,0.5904160303525575
LB,2014-02-01,0.4879329927473142
LB,2015-01-31,0.6150478031427863
LB,2016-01-30,0.6339711061271106
LEG,2012-12-31,0.4751275267143169
LEG,2013-12-31,0.5120776835613668
LEG,2014-12-31,0.5800964547599319
LEG,2015-12-31,0.7988837891130514
LEN,2013-11-30,0.24587403702772925
LEN,2014-11-30,0.401872651755955
LEN,2015-11-30,0.3105502438017974
LEN,2016-11-30,0.3825535574158674
LH,2012-12-31,0.5291817083779203
LH,2013-12-31,0.5335603000849117
LH,2014-12-31,0.5562464708129622
LH,2015-12-31,0.7239752522184695
LKQ,2012-12-31,0.5050402304077567
LKQ,2013-12-31,0.5244384747504295
LKQ,2014-12-31,0.5839889354236025
LKQ,2015-12-31,0.7835949848062774
LLL,2012-12-31,0.47170821998807955
LLL,2013-12-31,0.46152424749338183
LLL,2014-12-31,0.5096402876555332
LLL,2015-12-31,0.7582487626328404
LLTC,2013-06-30,0.9807391315414161
LLTC,2014-06-29,0.9999999690402684
LLTC,2015-06-28,0.7499999866711261
LLTC,2016-07-03,0.25
LLY,2012-12-31,0.5313347080069828
LLY,2013-12-31,0.5523490919768753
LLY,2014-12-31,0.4853530643106705
LLY,2015-12-31,0.7480382289348905
LMT,2013-12-31,0.5026232496364892
LMT,2014-12-31,0.5035972312315726
LMT,2015-12-31,0.7158084500346372
LMT,2016-12-31,0.5600620146701681
LNT,2012-12-31,0.42245901449318485
LNT,2013-12-31,0.46927437190165344
LNT,2014-12-31,0.4844020956849712
LNT,2015-12-31,0.7339866319997999
LOW,2013-02-01,1.7769780635834564e-07
LOW,2014-01-31,0.6978925974958019
LOW,2015-01-30,0.4999999610003805
LOW,2016-01-29,0.25
LRCX,2013-06-30,0.3862535028873717
LRCX,2014-06-29,2.429387671587513e-08
LRCX,2015-06-28,0.24999997371191846
LRCX,2016-06-26,0.25
LUK,2012-12-31,0.33013423618946686
LUK,2013-12-31,0.28959850537307064
LUK,2014-12-31,0.44656252684763564
LUK,2015-12-31,0.7130319451523844
LUV,2013-12-31,0.45635307390758256
LUV,2014-12-31,0.5583499829247565
LUV,2015-12-31,0.8023315088203291
LUV,2016-12-31,0.5150801717592368
LVLT,2012-12-31,0.4293968634995227
LVLT,2013-12-31,0.47654648937693533
LVLT,2014-12-31,0.4618033610256681
LVLT,2015-12-31,0.707393537171089
LYB,2012-12-31,0.5770959583472853
LYB,2013-12-31,0.508483615688005
LYB,2014-12-31,0.6901707192529116
LYB,2015-12-31,0.7582771158747168
M,2013-02-02,0.1987439093902439
M,2014-02-01,0.2959914485344817
M,2015-01-31,0.4038934020995263
M,2016-01-30,0.30820817972281955
MA,2013-12-31,0.6999420080305664
MA,2014-12-31,0.7131062414662018
MA,2015-12-31,0.8325400499741272
MA,2016-12-31,0.6254685989715801
MAA,2012-12-31,0.41735962250157704
MAA,2013-12-31,0.42919906817536985
MAA,2014-12-31,0.49575014147952573
MAA,2015-12-31,0.7288639065572708
MAC,2012-12-31,0.38731171237948026
MAC,2013-12-31,0.45450585477237665
MAC,2014-12-31,0.40404910790141685
MAC,2015-12-31,0.724336966441059
MAR,2012-12-31,0.5019022981045776
MAR,2013-12-31,0.5301895822001801
MAR,2014-12-31,0.6044274058161493
MAR,2015-12-31,0.8397453725357927
MAS,2013-12-31,0.473202846413001
MAS,2014-12-31,0.4959732617967641
MAS,2015-12-31,0.8282231460581374
MAS,2016-12-31,0.6359406773248537
MAT,2012-12-31,0.5343607751233713
MAT,2013-12-31,0.5685289922066395
MAT,2014-12-31,0.49893123170819786
MAT,2015-12-31,0.7482401824516836
MCD,2012-12-31,0.6234005870469018
MCD,2013-12-31,0.6008897700697674
MCD,2014-12-31,0.6490789165655151
MCD,2015-12-31,0.7732980007616923
MCHP,2013-03-31,0.691977315888987
MCHP,2014-03-31,0.9034007620478945
MCHP,2015-03-31,0.20291615787328188
MCHP,2016-03-31,0.3348377664935725
MCK,2013-03-31,0.94381167976033
MCK,2014-03-31,0.3610271462441793
MCK,2015-03-31,0.49999999640218684
MCK,2016-03-31,0.49999998457018147
MCO,2012-12-31,0.6185914019546285
MCO,2013-12-31,0.6129934993369484
MCO,2014-12-31,0.6722791528111561
MCO,2015-12-31,0.8158468344150241
MDLZ,2012-12-31,0.4229907211357804
MDLZ,2013-12-31,0.47671301383140297
MDLZ,2014-12-31,0.5004159961263596
MDLZ,2015-12-31,0.7651803929362316
MET,2012-12-31,0.3780630027352909
MET,2013-12-31,0.4373731436191542
MET,2014-12-31,0.4647840808222113
MET,2015-12-31,0.7209995621718369
MHK,2012-12-31,0.44514120414794095
MHK,2013-12-31,0.470873882155619
MHK,2014-12-31,0.5502070010509046
MHK,2015-12-31,0.7357728132997069
MJN,2012-12-31,0.5978475032002745
MJN,2013-12-31,0.6267967614179225
MJN,2014-12-31,0.6192499271044841
MJN,2015-12-31,0.7813682576901173
MKC,2013-11-30,0.9999999204364292
MKC,2014-11-30,0.8242722516244823
MKC,2015-11-30,0.7566005764297435
MKC,2016-11-30,0.7499999005988451
MLM,2012-12-31,0.42833697894512945
MLM,2013-12-31,0.48778072149455687
MLM,2014-12-31,0.43665032902278783
MLM,2015-12-31,0.765107637667331
MMC,2012-12-31,0.48847129972073217
MMC,2013-12-31,0.519892281859663
MMC,2014-12-31,0.5585860204545211
MMC,2015-12-31,0.7690211350334148
MMM,2013-12-31,0.586117601401889
MMM,2014-12-31,0.6520963581559307
MMM,2015-12-31,0.7872903050647313
MMM,2016-12-31,0.5699697986447058
MNST,2012-12-31,0.9999999921819746
MNST,2013-12-31,0.6868479790363908
MNST,2014-12-31,0.7973146857090881
MNST,2015-12-31,0.7461583847555167
MO,2012-12-31,0.5620892030723698
MO,2013-12-31,0.5890632319314179
MO,2014-12-31,0.6131709527279046
MO,2015-12-31,0.8239571776523597
MON,2013-08-31,0.5712241162931361
MON,2014-08-31,0.9739891766710418
MON,2015-08-31,0.2500000925784712
MON,2016-08-31,0.24999993342823082
MOS,2013-05-31,0.46931455880925116
MOS,2014-12-31,0.4982983227460728
MOS,2015-12-31,0.7509481307316417
MOS,2016-12-31,0.39703785838703937
MPC,2012-12-31,0.5650486542550076
MPC,2013-12-31,0.6273497962955001
MPC,2014-12-31,0.4715162212585461
MPC,2015-12-31,0.5575578121735427
MRK,2012-12-31,0.46792400298483944
MRK,2013-12-31,0.4686551677208566
MRK,2014-12-31,0.45633335211992987
MRK,2015-12-31,0.7418461376094406
MRO,2012-12-31,0.46339645913316563
MRO,2013-12-31,0.4754750236719578
MRO,2014-12-31,0.44306311943527005
MRO,2015-12-31,0.6593705306179147
MSFT,2013-06-30,0.8108265752326487
MSFT,2014-06-30,0.6648429781427696
MSFT,2015-06-30,0.495489944021121
MSFT,2016-06-30,0.3377270972140251
MTB,2012-12-31,0.37364661135092986
MTB,2013-12-31,0.43409369473735
MTB,2014-12-31,0.4487582836817722
MTB,2015-12-31,0.714178689452882
MTD,2013-12-31,0.5787885285108095
MTD,2014-12-31,0.6574622682965174
MTD,2015-12-31,0.8090100556748641
MTD,2016-12-31,0.5597888868908139
MU,2013-08-29,0.3333333333333333
MU,2014-08-28,0.25
MU,2015-09-03,0.25
MU,2016-09-01,0.25
MUR,2012-12-31,0.45889884864653413
MUR,2013-12-31,0.5031320190143899
MUR,2014-12-31,0.5142439701556639
MUR,2015-12-31,0.586767199015965
MYL,2014-12-31,0.4727745450840999
MYL,2015-12-31,0.7392231861617379
NAVI,2013-12-31,0.39377841533027264
NAVI,2014-12-31,0.4523721740927289
NAVI,2015-12-31,0.7157609160774835
NBL,2013-12-31,0.4757393012090225
NBL,2014-12-31,0.4658347793489631
NBL,2015-12-31,0.6743790310377952
NBL,2016-12-31,0.39104608407471536
NDAQ,2012-12-31,0.45017828108352037
NDAQ,2013-12-31,0.44978393297190067
NDAQ,2014-12-31,0.507459011545665
NDAQ,2015-12-31,0.7392819792751164
NEE,2012-12-31,0.4247421712740343
NEE,2013-12-31,0.46631926264894463
NEE,2014-12-31,0.5058475367467804
NEE,2015-12-31,0.7391659074955054
NEM,2012-12-31,0.4856220854372834
NEM,2013-12-31,0.33481917583350745
NEM,2014-12-31,0.46591095763589974
NEM,2015-12-31,0.7471540000417891
NFLX,2013-12-31,0.43360855685029104
NFLX,2014-12-31,0.49214429721670583
NFLX,2015-12-31,0.7169165131129931
NFLX,2016-12-31,0.4340368419420053
NFX,2012-12-31,0.22005837260934288
NFX,2013-12-31,0.4703693501286997
NFX,2014-12-31,0.4800781236555211
NFX,2015-12-31,0.31746955697648216
NKE,2013-05-31,0.8831250612383399
NKE,2014-05-31,0.9493617050236179
NKE,2015-05-31,0.7159767838497832
NKE,2016-05-31,0.8360422928792928
NLSN,2013-12-31,0.443904315131532
NLSN,2014-12-31,0.5336606864348772
NLSN,2015-12-31,0.7485794714764553
NLSN,2016-12-31,0.47309733754421135
NOV,2012-12-31,0.5044941605055375
NOV,2013-12-31,0.5079095525634989
NOV,2014-12-31,0.5692134725853163
NOV,2015-12-31,0.7063099927596792
NSC,2013-12-31,0.4871762508070221
NSC,2014-12-31,0.5457209510332659
NSC,2015-12-31,0.7501830169414077
NSC,2016-12-31,0.4747157269948991
NTAP,2013-04-26,0.3333333333333333
NTAP,2014-04-25,0.25
NTAP,2015-04-24,0.25
NTAP,2016-04-29,0.25
NTRS,2012-12-31,0.37494412915447284
NTRS,2013-12-31,0.4343759268276601
NTRS,2014-12-31,0.4526285155652432
NTRS,2015-12-31,0.7154935282350697
NUE,2012-12-31,0.4586498301186667
NUE,2013-12-31,0.45425032703350465
NUE,2014-12-31,0.5578211263965257
NUE,2015-12-31,0.7251107110482491
NVDA,2013-01-27,0.3333333333333333
NVDA,2014-01-26,0.25
NVDA,2015-01-25,0.25
NVDA,2016-01-31,0.39267194138186123
NWL,2012-12-31,0.47518783823034666
NWL,2013-12-31,0.5111529658811235
NWL,2014-12-31,0.5138019351823944
NWL,2015-12-31,0.7443621372986624
NWS,2013-06-30,0.03574865587266953
NWS,2014-06-30,0.21346665255931166
NWS,2015-06-30,0.30576189539605103
NWS,2016-06-30,0.06288064299800955
NWSA,2013-06-30,0.03574865587266953
NWSA,2014-06-30,0.21346665255931166
NWSA,2015-06-30,0.30576189539605103
NWSA,2016-06-30,0.06288064299800955
O,2012-12-31,0.4538634696129445
O,2013-12-31,0.47493904469650217
O,2014-12-31,0.5163819171604442
O,2015-12-31,0.7524490091057212
OKE,2012-12-31,0.43450764961644855
OKE,2013-12-31,0.47565829023640094
OKE,2014-12-31,0.5585480120444418
OKE,2015-12-31,0.7115745908022907
OMC,2013-12-31,0.46843692125959113
OMC,2014-12-31,0.5397288949390778
OMC,2015-12-31,0.7487720793961754
OMC,2016-12-31,0.47165552749537537
ORLY,2012-12-31,0.5447682803205933
ORLY,2013-12-31,0.5637983641522792
ORLY,2014-12-31,0.6080881801296646
ORLY,2015-12-31,0.8219288504870862
OXY,2012-12-31,0.48848259078860906
OXY,2013-12-31,0.5011277064676538
OXY,2014-12-31,0.4336749401235874
OXY,2015-12-31,0.6179758119206107
PAYX,2013-05-31,0.4410685619805373
PAYX,2014-05-31,0.615251128495905
PAYX,2015-05-31,0.5806552522002055
PAYX,2016-05-31,0.6966041566388086
PBCT,2012-12-31,0.37469256496796627
PBCT,2013-12-31,0.4337287426454691
PBCT,2014-12-31,0.452539485304379
PBCT,2015-12-31,0.7157456363606197
PBI,2012-12-31,0.4439522425760038
PBI,2013-12-31,0.5046766346093331
PBI,2014-12-31,0.5282070126101837
PBI,2015-12-31,0.7522569433176869
PCAR,2012-12-31,0.44347667910765615
PCAR,2013-12-31,0.4609309324695525
PCAR,2014-12-31,0.5363571428891961
PCAR,2015-12-31,0.7520416492817279
PCG,2013-12-31,0.4242779280923337
PCG,2014-12-31,0.4894728389718279
PCG,2015-12-31,0.7256900800199193
PCG,2016-12-31,0.4385066800112988
PCLN,2012-12-31,0.6866124929575036
PCLN,2013-12-31,0.5833352084127661
PCLN,2014-12-31,0.5957794138958068
PCLN,2015-12-31,0.7874258089782799
PDCO,2013-04-27,0.3333333333333333
PDCO,2014-04-26,0.25
PDCO,2015-04-25,0.25
PDCO,2016-04-30,0.25712932194885685
PEG,2012-12-31,0.4474720076428013
PEG,2013-12-31,0.48425190967158627
PEG,2014-12-31,0.5167361286996854
PEG,2015-12-31,0.7483098536321505
PEP,2013-12-28,0.33060444984979254
PEP,2014-12-27,0.29011687441789374
PEP,2015-12-26,0.24312349925527224
PEP,2016-12-31,0.4848964433583988
PFE,2012-12-31,0.4539077677685734
PFE,2013-12-31,0.4899419906589825
PFE,2014-12-31,0.5156339238118525
PFE,2015-12-31,0.7482629746656384
PFG,2013-12-31,0.39969948655711574
PFG,2014-12-31,0.46236155339876833
PFG,2015-12-31,0.7210707979400545
PFG,2016-12-31,0.4243184138770963
PG,2013-12-31,0.6673071919813259
PG,2014-12-31,0.6881863696244576
PG,2015-12-31,0.8437204824011876
PG,2016-12-31,0.5633818363454415
PGR,2012-12-31,0.43045266690294337
PGR,2013-12-31,0.48021364239673536
PGR,2014-12-31,0.5124006256721655
PGR,2015-12-31,0.7358454189916497
PH,2013-06-30,0.5959615377057067
PH,2014-06-30,0.41394810844500884
PH,2015-06-30,0.5596454711586478
PH,2016-06-30,0.32908378355501156
PHM,2013-12-31,0.4206039029080508
PHM,2014-12-31,0.5333482183093938
PHM,2015-12-31,0.7570226693447252
PHM,2016-12-31,0.5364218003116967
PKI,2012-12-30,6.833168286757285e-08
PKI,2013-12-29,0.5184314483167884
PKI,2014-12-28,6.995264834053216e-08
PKI,2016-01-03,1.0715287820928232e-07
PM,2013-12-31,0.6893539991820777
PM,2014-12-31,0.72484329382541
PM,2015-12-31,0.8105568760612143
PM,2016-12-31,0.5458648712991137
PNC,2012-12-31,0.3742689777731621
PNC,2013-12-31,0.4335042011727454
PNC,2014-12-31,0.4486245288996249
PNC,2015-12-31,0.7141237094549077
PNR,2012-12-31,0.37833965243429696
PNR,2013-12-31,0.5318771148668336
PNR,2014-12-31,0.5544842244518176
PNR,2015-12-31,0.7144795030467319
PNW,2012-12-31,0.43947639085606355
PNW,2013-12-31,0.48093554423022833
PNW,2014-12-31,0.5019986271598328
PNW,2015-12-31,0.7419233840908623
PPG,2013-12-31,0.45294610956877723
PPG,2014-12-31,0.467106794313655
PPG,2015-12-31,0.7591704944324762
PPG,2016-12-31,0.4877939221665594
PPL,2012-12-31,0.44336894205692606
PPL,2013-12-31,0.44735386804068256
PPL,2014-12-31,0.5033495991767839
PPL,2015-12-31,0.7606346995490949
PRU,2012-12-31,0.3775098537924511
PRU,2013-12-31,0.42019557024589116
PRU,2014-12-31,0.46212857624911224
PRU,2015-12-31,0.7223699141600245
PSX,2012-12-31,0.43637139269500524
PSX,2013-12-31,0.40424600371758723
PSX,2014-12-31,0.441030809376747
PSX,2015-12-31,0.5814817836875278
PVH,2013-02-03,6.660384706721108e-08
PVH,2014-02-02,0.0004891850203617299
PVH,2015-02-01,2.8684167596715326e-08
PVH,2016-01-31,0.24493181651902776
PWR,2012-12-31,0.5011746327549135
PWR,2013-12-31,0.49418518124831684
PWR,2014-12-31,0.5531547022862697
PWR,2015-12-31,0.7572051197196081
PX,2012-12-31,0.5048540910699355
PX,2013-12-31,0.5158537336502722
PX,2014-12-31,0.5623845595345673
PX,2015-12-31,0.7621395191692425
PYPL,2014-12-31,0.46640200378723823
PYPL,2015-12-31,0.7309752399285927
PYPL,2016-12-31,0.45610302942947945
QCOM,2013-09-29,0.8063282446664101
QCOM,2014-09-28,0.4226697957070631
QCOM,2015-09-27,0.020208342861250155
QCOM,2016-09-25,0.7499998982734133
QRVO,2014-03-29,2.3739550436552292e-08
QRVO,2015-03-28,1.6581441802943075e-08
QRVO,2016-04-02,0.19316345945526042
R,2013-12-31,0.4339223688795723
R,2014-12-31,0.47602279661964664
R,2015-12-31,0.7269825399091596
R,2016-12-31,0.46538685874902513
RCL,2012-12-31,0.4000382921788823
RCL,2013-12-31,0.46556755338732475
RCL,2014-12-31,0.4860013648079951
RCL,2015-12-31,0.7348003383805318
REGN,2013-12-31,0.6673071919813259
REGN,2014-12-31,0.6881863696244576
REGN,2015-12-31,0.8437204824011876
REGN,2016-12-31,0.5633818363454415
RHI,2013-12-31,0.6691311403990232
RHI,2014-12-31,0.7204632690224263
RHI,2015-12-31,0.9167712024051471
RHI,2016-12-31,0.6346853779813478
RHT,2013-02-28,0.676795499675895
RHT,2014-02-28,0.3683764457606693
RHT,2015-02-28,0.07646867132151491
RHT,2016-02-29,0.34851882160544323
RL,2013-03-30,0.21400800329803707
RL,2014-03-29,0.3865405951967378
RL,2015-03-28,0.4338136275480544
RL,2016-04-02,0.12683999960105447
ROK,2013-09-30,0.6673212820719421
ROK,2014-09-30,0.5416384581753271
ROK,2015-09-30,0.6712221860952959
ROK,2016-09-30,0.378921866440317
ROP,2012-12-31,0.4919824253407355
ROP,2013-12-31,0.504098678326431
ROP,2014-12-31,0.5634181123904818
ROP,2015-12-31,0.7536296522772734
ROST,2013-02-02,0.8906559852874721
ROST,2014-02-01,0.9276533384041868
ROST,2015-01-31,0.6846363037216279
ROST,2016-01-30,0.9548689954163581
RRC,2012-12-31,0.3953320559329212
RRC,2013-12-31,0.47593485823076925
RRC,2014-12-31,0.4831226019802596
RRC,2015-12-31,0.6646835087131567
RSG,2013-12-31,0.4527022922227329
RSG,2014-12-31,0.5155746196197548
RSG,2015-12-31,0.7545291236386451
RSG,2016-12-31,0.48268299821584687
SBUX,2013-09-29,3.748487113301261e-08
SBUX,2014-09-28,0.8114780080674412
SBUX,2015-09-27,0.809650683631966
SBUX,2016-10-02,0.25
SCG,2012-12-31,0.4343143023419329
SCG,2013-12-31,0.47917688539762204
SCG,2014-12-31,0.5051895899552274
SCG,2015-12-31,0.745607543917183
SCHW,2012-12-31,0.38624347598954495
SCHW,2013-12-31,0.4434358287500207
SCHW,2014-12-31,0.4674230033248374
SCHW,2015-12-31,0.7222851203396037
SE,2012-12-31,0.4260021431049649
SE,2013-12-31,0.4683399874107688
SE,2014-12-31,0.5036759953055084
SE,2015-12-31,0.740501651028743
SEE,2013-12-31,0.45718089532844125
SEE,2014-12-31,0.5698073572965185
SEE,2015-12-31,0.7651699211938565
SEE,2016-12-31,0.4819006808645197
SHW,2012-12-31,0.517595815641751
SHW,2013-12-31,0.5697994828485917
SHW,2014-12-31,0.7066091883053622
SHW,2015-12-31,0.8233278415201122
SIG,2013-02-02,0.3062828396815291
SIG,2014-02-01,0.405081621277282
SIG,2015-02-02,0.25
SIG,2016-01-30,0.3536721317901903
SJM,2013-04-30,0.3333334980467953
SJM,2014-04-30,7.33129492391793e-08
SJM,2015-04-30,5.473176015180492e-08
SJM,2016-04-30,4.02979946079185e-08
SLG,2012-12-31,0.4035458359609907
SLG,2013-12-31,0.45719331443614475
SLG,2014-12-31,0.4717258406753667
SLG,2015-12-31,0.7254231010211412
SNA,2013-12-31,0.5341259062102798
SNA,2015-01-03,0.6572870673211608
SNA,2016-01-02,0.8567349690757211
SNA,2016-12-31,0.5433319127714091
SNI,2012-12-31,0.595961039139541
SNI,2013-12-31,0.5949699027760985
SNI,2014-12-31,0.6281377174191264
SNI,2015-12-31,0.7717379096231551
SO,2012-12-31,0.445710775219713
SO,2013-12-31,0.4708511206189555
SO,2014-12-31,0.4981136495998243
SO,2015-12-31,0.7360875500238238
SPG,2012-12-31,0.42950848659572793
SPG,2013-12-31,0.47916979000118154
SPG,2014-12-31,0.5201124935159778
SPG,2015-12-31,0.7471950945035316
SPGI,2013-12-31,0.5784450024389681
SPGI,2014-12-31,0.4783064628353079
SPGI,2015-12-31,0.7940202994850512
SPGI,2016-12-31,0.6834891601798867
SPLS,2013-02-02,0.028543704248864654
SPLS,2014-02-01,0.3270486093996397
SPLS,2015-01-31,0.26089170152983354
SPLS,2016-01-30,0.22409549687901126
SRCL,2012-12-31,0.5130235011717876
SRCL,2013-12-31,0.5361909116166632
SRCL,2014-12-31,0.5690201516277984
SRCL,2015-12-31,0.7277355403136364
SRE,2012-12-31,0.41766132406274054
SRE,2013-12-31,0.4702814350097265
SRE,2014-12-31,0.4888861845879957
SRE,2015-12-31,0.7321017721456563
STI,2012-12-31,0.37391657020854624
STI,2013-12-31,0.4311152584373244
STI,2014-12-31,0.45085323469967536
STI,2015-12-31,0.7146757424204918
STT,2013-12-31,0.39385442859491787
STT,2014-12-31,0.4520197475622418
STT,2015-12-31,0.7161641118484317
STT,2016-12-31,0.41808682961428995
STX,2013-06-28,0.6855177794207266
STX,2014-06-27,0.3259519178048305
STX,2015-07-03,0.9859163071476188
STX,2016-07-01,0.7208043988341799
STZ,2013-02-28,0.26047688341105335
STZ,2014-02-28,0.7892662414251942
STZ,2015-02-28,0.421088391376821
STZ,2016-02-29,0.8462650484801141
SWK,2013-12-28,0.07923385917647408
SWK,2015-01-03,0.2417153691515805
SWK,2016-01-02,0.29589100220863973
SWK,2016-12-31,0.4805117413414896
SWKS,2013-09-27,0.8073377454262842
SWKS,2014-10-03,0.999999974687492
SWKS,2015-10-02,0.9999999673999296
SWKS,2016-09-30,0.7846849886702796
SWN,2012-12-31,0.20928080523220963
SWN,2013-12-31,0.5449784602638549
SWN,2014-12-31,0.48771241880678384
SWN,2015-12-31,0.43150093710098086
SYF,2012-12-31,0.3670423219173234
SYF,2013-12-31,0.4309416049665598
SYF,2014-12-31,0.4326719219240953
SYF,2015-12-31,0.7084744732486837
SYK,2013-12-31,0.4728667675358143
SYK,2014-12-31,0.522006839248797
SYK,2015-12-31,0.7722049218698868
SYK,2016-12-31,0.47142333340916937
SYMC,2013-03-29,0.3333333333333333
SYMC,2014-03-28,0.25
SYMC,2015-04-03,1.7509193983578086e-08
SYMC,2016-04-01,0.7499998530675618
SYY,2013-06-29,0.3333333333333333
SYY,2014-06-28,0.25
SYY,2015-06-27,0.25
SYY,2016-07-02,0.25
T,2012-12-31,0.42372253082021283
T,2013-12-31,0.510059375982597
T,2014-12-31,0.48649317147463994
T,2015-12-31,0.7342728938053298
TAP,2013-12-31,0.4457039399141876
TAP,2014-12-31,0.5052837338440506
TAP,2015-12-31,0.736965965402856
TAP,2016-12-31,0.4499561532278801
TDC,2012-12-31,0.5869100967269323
TDC,2013-12-31,0.565044723678994
TDC,2014-12-31,0.5823757400366782
TDC,2015-12-31,0.7158274211764811
TDG,2013-09-30,0.5180418736000999
TDG,2014-09-30,0.4083763141064444
TDG,2015-09-30,0.5486575640027925
TDG,2016-09-30,0.44531939226089495
TEL,2013-09-27,0.05355175770483056
TEL,2014-09-26,0.3266332158613738
TEL,2015-09-25,0.25
TEL,2016-09-30,0.35641707797284894
TGNA,2012-12-30,0.9999999081433701
TGNA,2013-12-29,0.0059066810246000525
TGNA,2014-12-31,0.48631450762534156
TGNA,2015-12-31,0.7813626700658306
TGT,2013-02-02,0.17383596224374412
TGT,2014-02-01,0.3175137339240725
TGT,2015-01-31,0.4915346058123343
TGT,2016-01-30,0.35975175153500666
TIF,2013-01-31,0.6493822555409349
TIF,2014-01-31,0.46655739434703825
TIF,2015-01-31,0.5083267014951118
TIF,2016-01-31,0.46548351994936543
TJX,2013-02-02,0.7884905131048754
TJX,2014-02-01,0.8250851940004916
TJX,2015-01-31,0.7510583352644822
TJX,2016-01-30,0.8648321059691454
TMK,2012-12-31,0.41394670922476934
TMK,2013-12-31,0.4627323822485738
TMK,2014-12-31,0.48107292135504104
TMK,2015-12-31,0.7339189362938968
TMO,2012-12-31,0.43479251207601305
TMO,2013-12-31,0.46162828657320076
TMO,2014-12-31,0.495711602541506
TMO,2015-12-31,0.7429228133543004
TRIP,2012-12-31,0.6287466167214134
TRIP,2013-12-31,0.5967624883221708
TRIP,2014-12-31,0.6020009358549092
TRIP,2015-12-31,0.7758935156303255
TRV,2013-12-31,0.4365268977676789
TRV,2014-12-31,0.4937652406864783
TRV,2015-12-31,0.7357936151512319
TRV,2016-12-31,0.4505226451460743
TSCO,2012-12-29,0.9615759555767607
TSCO,2013-12-28,0.8598873023753033
TSCO,2014-12-27,0.999999948428601
TSCO,2015-12-26,0.7499999700592722
TSN,2013-10-03,0.3333333333333333
TSN,2014-10-03,1.9964230410507433e-07
TSN,2015-10-03,0.25000018094931575
TSN,2016-10-01,5.350206027099347e-07
TSO,2012-12-31,0.5339098160801429
TSO,2013-12-31,0.4793073002522123
TSO,2014-12-31,0.4528077138211916
TSO,2015-12-31,0.7008838950421414
TSS,2012-12-31,0.6056146804478693
TSS,2013-12-31,0.43635922736655736
TSS,2014-12-31,0.5634731864078066
TSS,2015-12-31,0.7829653725538082
TXN,2012-12-31,0.47891717544424767
TXN,2013-12-31,0.5458958380145437
TXN,2014-12-31,0.6686888830639539
TXN,2015-12-31,0.8498925620450912
TXT,2012-12-29,0.09363069496321126
TXT,2013-12-28,0.22785145032268622
TXT,2015-01-03,0.1631293923558952
TXT,2016-01-02,0.13305109701815088
UA,2012-12-31,0.616618255291367
UA,2013-12-31,0.5477383231986594
UA,2014-12-31,0.6122878422935984
UA,2015-12-31,0.7779841169251088
UAA,2012-12-31,0.616618255291367
UAA,2013-12-31,0.5477383231986594
UAA,2014-12-31,0.6122878422935984
UAA,2015-12-31,0.7779841169251088
UAL,2012-12-31,0.3823780976297682
UAL,2013-12-31,0.46958820463694045
UAL,2014-12-31,0.515206595898483
UAL,2015-12-31,0.715545415071132
UDR,2012-12-31,0.3806376122690289
UDR,2013-12-31,0.44952085694657795
UDR,2014-12-31,0.467204779045569
UDR,2015-12-31,0.7158741128919752
UHS,2012-12-31,0.49205809791872573
UHS,2013-12-31,0.5301091152956867
UHS,2014-12-31,0.5651915391801321
UHS,2015-12-31,0.781942898369691
ULTA,2013-02-02,0.5524082215513653
ULTA,2014-02-02,0.6707347293443626
ULTA,2015-01-31,0.6001815360786505
ULTA,2016-01-31,0.9045804130029109
UNH,2013-12-31,0.5045269980121265
UNH,2014-12-31,0.5584335962648065
UNH,2015-12-31,0.7487289382044675
UNH,2016-12-31,0.5365462904177853
UNM,2012-12-31,0.39434597477510214
UNM,2013-12-31,0.4499504926248596
UNM,2014-12-31,0.4614781044444813
UNM,2015-12-31,0.7266699410758202
UNP,2013-12-31,0.5359959998188986
UNP,2014-12-31,0.5953254938635086
UNP,2015-12-31,0.7739878596247696
UNP,2016-12-31,0.49763164794576026
UPS,2012-12-31,0.40790793747148757
UPS,2013-12-31,0.5933105035492217
UPS,2014-12-31,0.586520710573287
UPS,2015-12-31,0.7768876365943459
URBN,2013-01-31,0.9999999777921973
URBN,2014-01-31,0.7486357787518844
URBN,2015-01-31,0.7482994587767797
URBN,2016-01-31,0.7893721572117056
USB,2013-07-31,3.8023921185755444e-07
USB,2014-07-31,9.47088081570957e-08
USB,2015-07-31,0.4999997434363114
USB,2016-07-31,0.17136842505570754
UTX,2013-12-31,0.4805840648811648
UTX,2014-12-31,0.5387095622145095
UTX,2015-12-31,0.7410351965585483
UTX,2016-12-31,0.483535294273201
V,2013-09-30,0.9568674299908985
V,2014-09-30,0.7021705014638223
V,2015-09-30,0.9398433137756984
V,2016-09-30,0.3617233813918916
VAR,2013-09-27,0.7184233924396043
VAR,2014-09-26,0.9999999428499222
VAR,2015-10-02,0.2520846462460386
VAR,2016-09-30,0.434936051832725
VFC,2012-12-31,0.5379486299927422
VFC,2013-12-31,0.5495437055508232
VFC,2015-01-03,0.6572419714831301
VFC,2016-01-02,0.7925603315656978
VIAB,2013-09-30,0.6129456006990963
VIAB,2014-09-30,0.4977641947677226
VIAB,2015-09-30,0.593054209038874
VIAB,2016-09-30,0.40715339880677925
VLO,2012-12-31,0.4961364918529008
VLO,2013-12-31,0.4516878085965537
VLO,2014-12-31,0.5493643470511911
VLO,2015-12-31,0.6641886362593442
VMC,2012-12-31,0.39061562198783634
VMC,2013-12-31,0.45766658925745435
VMC,2014-12-31,0.5314160185604397
VMC,2015-12-31,0.7592871309109889
VNO,2013-12-31,0.4252634215284312
VNO,2014-12-31,0.46844260202205334
VNO,2015-12-31,0.729469558700203
VNO,2016-12-31,0.43378776722294143
VRSK,2012-12-31,0.5967531681640524
VRSK,2013-12-31,0.6084503806193725
VRSK,2014-12-31,0.689675219023394
VRSK,2015-12-31,0.7178137030471007
VRSN,2012-12-31,0.565962588917719
VRSN,2013-12-31,0.5366938175500511
VRSN,2014-12-31,0.6983795521520028
VRSN,2015-12-31,0.7958535389449255
VRTX,2012-12-31,0.40523163382243715
VRTX,2013-12-31,0.23322500585667189
VRTX,2014-12-31,0.23097864390696662
VRTX,2015-12-31,0.6978058906905017
VTR,2013-12-31,0.4238577968763491
VTR,2014-12-31,0.47987818180522734
VTR,2015-12-31,0.7351947220510071
VTR,2016-12-31,0.4502289647490859
VZ,2012-12-31,0.4374781999655783
VZ,2013-12-31,0.49908540447491845
VZ,2014-12-31,0.5505614418349665
VZ,2015-12-31,0.7715818818111195
WAT,2012-12-31,0.533140091315245
WAT,2013-12-31,0.5240109594408862
WAT,2014-12-31,0.5445531852495832
WAT,2015-12-31,0.7637824221583563
WDC,2013-06-28,0.08838884887392551
WDC,2014-06-27,0.032245756344086114
WDC,2015-07-03,0.5836890228747311
WDC,2016-07-01,7.971171281373479e-08
WEC,2012-12-31,0.44457726500385414
WEC,2013-12-31,0.48737711400907074
WEC,2014-12-31,0.5250591344914312
WEC,2015-12-31,0.7195817234668597
WFC,2012-12-31,0.3734337591146151
WFC,2013-12-31,0.432349204366044
WFC,2014-12-31,0.44771870656956125
WFC,2015-12-31,0.7136335642526995
WFM,2013-09-29,0.7900834296668712
WFM,2014-09-28,0.31685742880771517
WFM,2015-09-27,0.5909752834927248
WFM,2016-09-25,0.25
WHR,2013-12-31,0.46743312930756836
WHR,2014-12-31,0.4519476361199781
WHR,2015-12-31,0.7597198644283044
WHR,2016-12-31,0.46228184047030485
WLTW,2012-12-31,0.3682026682520581
WLTW,2013-12-31,0.46881443800559147
WLTW,2014-12-31,0.48922732699254223
WLTW,2015-12-31,0.7192586473290163
WM,2013-12-31,0.44186692327972943
WM,2014-12-31,0.551630439843736
WM,2015-12-31,0.7642488911408429
WM,2016-12-31,0.5066677751183469
WMB,2012-12-31,0.4390187746375251
WMB,2013-12-31,0.4587018522437987
WMB,2014-12-31,0.44149206841671035
WMB,2015-12-31,0.7248122183325952
WMT,2013-01-31,0.5489547208174228
WMT,2014-01-31,0.6346201957863088
WMT,2015-01-31,0.42828316027285407
WMT,2016-01-31,0.433105446704641
WRK,2014-09-30,0.22337766213825935
WRK,2015-09-30,0.2833608522858084
WRK,2016-09-30,0.3717834554664676
WU,2012-12-31,0.49723629948158193
WU,2013-12-31,0.49404288358404796
WU,2014-12-31,0.5371756282809861
WU,2015-12-31,0.7595895882380367
WY,2012-12-31,0.4239599254026774
WY,2013-12-31,0.469844124851384
WY,2014-12-31,0.5044818304185218
WY,2015-12-31,0.752331459879259
WYN,2012-12-31,0.46300496503580746
WYN,2013-12-31,0.5060988273275884
WYN,2014-12-31,0.5391575644385973
WYN,2015-12-31,0.7615934384042666
WYNN,2012-12-31,0.5038889678865371
WYNN,2013-12-31,0.5265074020831035
WYNN,2014-12-31,0.5425924975622268
WYNN,2015-12-31,0.7204354138700289
XEC,2012-12-31,0.47691612722611015
XEC,2013-12-31,0.5310285570249615
XEC,2014-12-31,0.5350887118509582
XEC,2015-12-31,0.39210806787023444
XEL,2012-12-31,0.43398531963558923
XEL,2013-12-31,0.4720981871170383
XEL,2014-12-31,0.49858530189893024
XEL,2015-12-31,0.7365777391461232
XL,2012-12-31,0.3901059192053278
XL,2013-12-31,0.45162540141243235
XL,2014-12-31,0.45656597527021053
XL,2015-12-31,0.722186005137792
XLNX,2013-03-30,2.0765887491040285e-08
XLNX,2014-03-29,0.3843377395603198
XLNX,2015-03-28,0.37857962747778967
XLNX,2016-04-02,0.1904350684986939
XOM,2012-12-31,0.5251283079274631
XOM,2013-12-31,0.4864215822269973
XOM,2014-12-31,0.49636101443754654
XOM,2015-12-31,0.6806018263714567
XRAY,2012-12-31,0.4516611810254112
XRAY,2013-12-31,0.49212484648911625
XRAY,2014-12-31,0.5416178599410582
XRAY,2015-12-31,0.7535450855341311
XRX,2012-12-31,0.4158753959927646
XRX,2013-12-31,0.4657277755610376
XRX,2014-12-31,0.4898064644114541
XRX,2015-12-31,0.7249020802524624
XYL,2012-12-31,0.472546883907101
XYL,2013-12-31,0.4822453627631921
XYL,2014-12-31,0.5339023580918209
XYL,2015-12-31,0.7525147623107719
YHOO,2012-12-31,0.390613551345276
YHOO,2013-12-31,0.4580355438142271
YHOO,2014-12-31,0.3366543047869728
YHOO,2015-12-31,0.6789537857935378
YUM,2012-12-29,0.7412805980141531
YUM,2013-12-28,0.5669491705260097
YUM,2014-12-27,0.452669804766405
YUM,2015-12-26,0.7035449236420599
ZBH,2012-12-31,0.5164000513404673
ZBH,2013-12-31,0.5201930612439793
ZBH,2014-12-31,0.5535820988586557
ZBH,2015-12-31,0.6926622089480061
ZION,2012-12-31,0.3751273714809454
ZION,2013-12-31,0.4341306905319759
ZION,2014-12-31,0.4532378711797703
ZION,2015-12-31,0.7159416339622754
ZTS,2013-12-31,0.5003501843797568
ZTS,2014-12-31,0.5709077249467278
ZTS,2015-12-31,0.743679700945611
ZTS,2016-12-31,0.5627663729333725
